ID,Title,Source,Episodes,Studio,First Air Date,Last Air Date,Genres,AniListID,TMDbID,IMGID
1,Neon Genesis Evangelion,Original,26,Gainax,1995-10-04,1996-03-27,"Action, Drama, Mecha, Mystery, Psychological, Sci-Fi",30,890,/y2ah9t0navXyIvoHg1uIbIHO3tt.jpg
2,Serial Experiments Lain,Original,13,Triangle Staff,1998-07-06,1998-09-28,"Drama, Mystery, Psychological, Sci-Fi, Supernatural",339,1087,/ej3tcxv2YYVWy6WoOeWZTcrkiI8.jpg
3,Cowboy Bebop,Original,26,Sunrise,1998-04-03,1999-04-24,"Action, Adventure, Drama, Sci-Fi",1,30991,/xDiXDfZwC6XYC6fxHI1jl3A3Ill.jpg
4,FLCL,Original,6,Gainax,2003-05-05,2003-05-13,"Action, Comedy, Mecha, Sci-Fi",227,5895,/FkgA8CcmiLJGVCRYRQ2g2UfVtF.jpg
5,Revolutionary Girl Utena,Original,39,J.C. Staff,1997-04-02,1997-12-24,"Drama, Fantasy, Mystery, Psychological, Romance",440,1042,/bnWxRJHWbYcAGq9HWWuKCwm7I5X.jpg
6,The Tatami Galaxy,Novel,11,MADHOUSE,2010-04-23,2010-07-02,"Comedy, Mystery, Psychological, Romance",7785,36243,/3Ngmk2kNh6JTdqPwMdiZvDSdlGH.jpg
7,Ping Pong the Animation,Manga,11,Tatsunoko Production,2014-04-11,2014-06-20,"Drama, Psychological, Sports",20607,60811,/frgVn3ww547TVQH8vS2bWKZnEBu.jpg
8,Mushishi,Manga,46,Artland,2005-10-23,2014-12-21,"Adventure, Fantasy, Mystery, Psychological, Slice of Life, Supernatural",457,26867,/ianYYQaLkksLGCfeisFNYJE7jIO.jpg
9,Monogatari,Light Novel,96,Shaft,2009-07-03,2019-06-22,"Comedy, Drama, Mystery, Psychological, Romance, Supernatural",5081,46195,/gUraB6perKNTXBHV4fRhnYUW6cJ.jpg
10,Nichijou,Manga,26,Kyoto Animation,2011-04-03,2011-09-25,"Comedy, Slice of Life",10165,44684,/qmi1VpOvPFRHg02fbLuc3pVrMbt.jpg
11,March Comes in Like a Lion,Manga,44,Shaft,2016-10-08,2018-03-31,"Drama, Slice of Life",21366,65336,/z7XceZ0n0f032yaq8R2zSimsjVl.jpg
12,Haibane Renmei,Other,13,Radix,2002-10-09,2002-12-18,"Drama, Fantasy, Mystery, Psychological, Slice of Life",387,34164,/uSrIXnPIUkapk0JwMldDZTusl5O.jpg
13,Puella Magi Madoka Magica,Original,12,Shaft,2011-01-07,2011-04-22,"Action, Drama, Fantasy, Mahou Shoujo, Psychological, Thriller",9756,39218,/48GLvRh3lgh5gjl0uVen60bslRM.jpg
14,K-On!,Manga,35,Kyoto Animation,2009-04-03,2010-09-15,"Comedy, Music, Slice of Life",5680,42253,/70hf2538UAf7mzzNgvqTlWq6PDf.jpg
15,Welcome to the NHK,Light Novel,24,GONZO,2006-07-09,2006-12-17,"Comedy, Drama, Psychological, Romance, Slice of Life",1210,42821,/m6OCDukPsKLWGcUktsnd3xtE0vT.jpg
16,Steins;Gate,Visual Novel,24,White Fox,2011-04-06,2011-09-14,"Drama, Psychological, Sci-Fi, Thriller",9253,42509,/6iysgZr6Upm5RlAlVFo5f4D9euu.jpg
17,Fullmetal Alchemist: Brotherhood,Manga,64,bones,2009-04-05,2010-07-04,"Action, Adventure, Drama, Fantasy",5114,31911,/5ZFUEOULaVml7pQuXxhpR2SmVUw.jpg
18,Paranoia Agent,Original,13,MADHOUSE,2004-02-03,2004-05-18,"Drama, Mystery, Psychological, Supernatural, Thriller",323,9343,/cQ6YiBTUlsKGm2mWa7mE9eZnlS2.jpg
19,Texhnolyze,Original,22,MADHOUSE,2003-04-17,2003-09-25,"Action, Drama, Psychological, Sci-Fi",26,8838,/oUE17mULuTiNFrfAIFUCH0wK6BO.jpg
20,Penguindrum,Original,24,Brain's Base,2011-07-03,2011-12-23,"Drama, Mystery, Psychological, Supernatural",10721,39657,/qXhVdZpGeXi98Nwmu0F3WzrxKid.jpg
21,Kaiba,Original,12,MADHOUSE,2008-04-11,2008-07-25,"Adventure, Mystery, Psychological, Romance, Sci-Fi",3701,34747,/7rq1AFb5SO9j1hlS0SuThLcBBVM.jpg
22,From the New World,Novel,25,A-1 Pictures,2012-09-29,2013-03-23,"Drama, Horror, Mystery, Psychological, Sci-Fi, Supernatural",13125,53052,/ywghUXAMWJ2uY43bPUgRCPnusJF.jpg
23,The Melancholy of Haruhi Suzumiya,Light Novel,28,Kyoto Animation,2006-04-03,2009-09-11,"Comedy, Mystery, Sci-Fi, Slice of Life, Supernatural",849,42511,/5rbehM5zkF8xlLce4F9kJZWhqmU.jpg
24,Hyouka,Light Novel,22,Kyoto Animation,2012-04-23,2012-09-17,"Mystery, Slice of Life",12189,65329,/dnYx8jtn2JzAMkVYRG9mFZMJoDc.jpg
25,Hunter x Hunter (2011),Manga,148,MADHOUSE,2011-10-02,2014-09-23,"Action, Adventure, Fantasy",11061,46298,/ucpgmUR1h5Te1BYegKItoPjOeF7.jpg
26,Legend of the Galactic Heroes,Novel,110,Artland,1988-12-01,1997-02-01,"Drama, Sci-Fi",820,27660,/j6amUPH88lc7cJf54MKZCf4a9NA.jpg
27,Aria,Manga,59,Hal Film Maker,2005-10-06,2015-09-26,"Fantasy, Sci-Fi, Slice of Life",477,53787,/ibcQODpXuKQtYWNQEIfOXnxRSqM.jpg
28,Code Geass,Original,50,Sunrise,2006-10-05,2008-09-28,"Action, Drama, Mecha, Sci-Fi, Thriller",126830,31724,/8p3HXHOQXjMpU9gAkZVAqozhDzQ.jpg
29,Anne of Green Gables,Novel,50,Nippon Animation,1979-01-07,1979-12-30,"Drama, Slice of Life",283,16047,/hW5TyvMdJbyAOOzFCTQCwDHa3g5.jpg
30,Made in Abyss,Manga,13,Kinema Citrus,2017-07-07,2017-09-29,"Adventure, Drama, Fantasy, Horror, Mystery, Sci-Fi",97986,72636,/jLkCeh5xNCuQPHIbTfuLgSqt2OQ.jpg
31,Mononoke,Original,12,Toei Animation,2007-07-13,2007-09-28,"Fantasy, Horror, Mystery, Psychological, Supernatural",2246,16660,/uA7iEMDg8rXHPx401H1GBy5Fdaa.jpg
32,Baccano!,Light Novel,13,Brain's Base,2007-07-27,2007-11-02,"Action, Adventure, Mystery, Supernatural",2251,34121,/qOxUTQAOTrMKTHuC9HQZiVsTK0F.jpg
33,Gurren Lagann,Original,27,Gainax,2007-04-01,2007-09-30,"Action, Comedy, Drama, Mecha, Romance, Sci-Fi",2001,21729,/gH8W7855SNXTXgMOGhTHj9omXfc.jpg
34,Girls' Last Tour,Manga,12,White Fox,2017-10-06,2017-12-22,"Adventure, Sci-Fi, Slice of Life",99420,74185,/5vu36r4OhXqugwp7NH9JohmN4Av.jpg
35,Kill La Kill,Original,24,Trigger,2013-10-04,2014-03-28,"Action, Comedy, Ecchi",18679,60728,/4F1WtP3dFIwLPOfa3u29VEVnNkf.jpg
36,Kino's Journey,Light Novel,12,A.C.G.T.,2017-10-06,2017-12-22,"Action, Adventure, Psychological, Slice of Life",486,74097,/nfHnr1rS278EyNwvG32BZ3oWPdX.jpg
37,Berserk,Manga,25,OLM,1997-10-08,1998-04-01,"Action, Adventure, Drama, Fantasy, Horror, Supernatural",33,35935,/iHTSIrdMvaXM4eOFPo6SvAoxZZh.jpg
38,Monster,Manga,74,MADHOUSE,2004-04-06,2005-09-27,"Drama, Horror, Mystery, Psychological, Thriller",19,30981,/7ZhHyA0IIQOyz1hzCXpTilXg4Q2.jpg
39,Azumanga Daioh,Manga,26,J.C. Staff,2002-04-08,2002-09-30,"Comedy, Slice of Life",66,12143,/j6uCwt9EvK4a2jiFdFMGfNEGdq6.jpg
40,Kyousougiga,Original,12,Toei Animation,2012-08-31,2012-12-22,"Action, Fantasy, Supernatural",10893,54574,/22BpqmMl2Nom2AayXJ3uvMR1vC9.jpg
41,Rose of Versailles,Manga,40,Tokyo Movie Shinsha,1979-10-10,1980-09-03,"Adventure, Drama, Romance",338,32676,/xCngKb1ZGMTSympkswtotgqyYvy.jpg
42,Ashita no Joe,Manga,126,Mushi Productions,1970-04-01,1981-08-31,"Action, Drama, Slice of Life, Sports",2402,25117,/b7xpXIT5imM3G92Asshnobt8VNi.jpg
43,Samurai Champloo,Original,26,Manglobe,2004-05-20,2005-03-19,"Action, Adventure, Comedy",205,1063,/lYpHeSm7BcUxAbBx1ucuEH7oGAe.jpg
44,His and Her Circumstances,Manga,26,Gainax,1998-10-02,1999-03-26,"Comedy, Drama, Romance, Slice of Life",145,36837,/ys1VsQYMNMlQIKt3eCx2DWUZcxW.jpg
45,A Place Further Than the Universe,Original,13,MADHOUSE,2018-01-02,2018-03-27,"Adventure, Comedy, Drama",99426,76059,/iERXyBf0K6DfAQ8oKEYrdjf1vIs.jpg
46,Mob Psycho 100,Manga,25,bones,2016-07-12,2019-04-01,"Action, Comedy, Psychological, Slice of Life, Supernatural",21507,67075,/5Wf9Y6gucbu1LMe1FyqD8TQjaNM.jpg
47,Princess Tutu,Original,38,Hal Film Maker,2002-08-16,2003-05-23,"Drama, Fantasy, Mahou Shoujo, Mystery, Psychological, Romance",721,34132,/lXPCfdHq3GQxLqTBIQ9QtRZSftS.jpg
48,Trapeze,Other,11,Toei Animation,2009-10-16,2009-12-25,"Comedy, Drama, Psychological",6774,42954,/g2ywT0f5CBQGAetctsTz1nWKqMm.jpg
49,Land of the Lustrous,Manga,12,Orange,2017-10-07,2017-12-23,"Action, Drama, Fantasy, Mystery, Psychological",98707,74091,/pUy4Dcb6UstCI64AYqLbdPISkDS.jpg
50,Devilman: Crybaby,Manga,10,Science SARU,2018-01-05,2018-01-05,"Action, Drama, Horror, Psychological, Supernatural",98460,75208,/lNXoTtfBlgijQ9pfZCwisYkPiTc.jpg
51,Death Note,Manga,37,MADHOUSE,2006-10-04,2007-06-27,"Mystery, Psychological, Supernatural, Thriller",1535,13916,/iigTJJskR1PcjjXqxdyJwVB3BoU.jpg
52,Future Boy Conan,Novel,26,Nippon Animation,1978-04-04,1978-10-31,"Adventure, Drama, Sci-Fi",302,19239,/tmlhwdTBA264iQF2Us5vWdKz1fE.jpg
53,Clannad,Visual Novel,44,Kyoto Animation,2007-10-05,2009-03-13,"Comedy, Drama, Romance, Slice of Life, Supernatural",2167,24835,/wozB1SJqunJQguLCfiYNpQh19FR.jpg
54,Lucky Star,Manga,24,Kyoto Animation,2007-04-08,2007-09-16,"Comedy, Slice of Life",1887,42500,/dk7LbdxOHiQZVOQBLSoIVZl2jnx.jpg
55,Great Teacher Onizuka,Manga,43,Studio Pierrot,1999-06-30,2000-09-17,"Comedy, Drama, Slice of Life",245,43017,/4rEvetd3kANyGSgXPF235kG0COW.jpg
56,Ghost in the Shell: Stand Alone Complex,Manga,52,Production I.G,2002-10-01,2005-01-08,"Action, Sci-Fi",467,1095,/kmFw6PwdQzmMBIma1f3HbyXSD1H.jpg
57,"Now and Then, Here and There",Original,13,AIC,1999-10-14,2000-01-20,"Adventure, Drama, Fantasy, Sci-Fi",160,26340,/vjw3X2Tv1C9zT2StFTdgPEJkxnB.jpg
58,JoJo's Bizarre Adventure (2012),Manga,152,APPP,2012-10-06,2019-07-28,"Action, Adventure, Drama, Horror, Supernatural",665,45790,/ogAWwbh3frWtiTyyXrZaVFtqCgp.jpg
59,Windy Tales,Original,13,Production I.G,2004-09-11,2005-02-26,"Drama, Fantasy, Slice of Life, Supernatural",1524,35184,/67BALqq9CEg0WDVsXjw1nTnItqd.jpg
60,Shirobako,Original,24,P.A. Works,2014-10-09,2015-03-26,"Comedy, Drama, Slice of Life",20812,64492,/keSYLYWkIKIB1aOy2IgItcWvHiX.jpg
61,Non Non Biyori,Manga,36,SILVER LINK.,2013-10-07,2021-03-29,"Comedy, Slice of Life",17549,66875,/uEFfrd2xBV2XEGkbNtMrHgLXFM1.jpg
62,Yuri Kuma Arashi,Original,12,SILVER LINK.,2015-01-05,2015-03-30,"Drama, Fantasy, Psychological, Romance",20827,68642,/5iR56K02oa9RDZZaDmwnNasewsS.jpg
63,One Punch Man,Manga,24,MADHOUSE,2015-10-05,2019-07-03,"Action, Comedy, Sci-Fi, Supernatural",21087,63926,/iE3s0lG5QVdEHOEZnoAxjmMtvne.jpg
64,Fate/Zero,Light Novel,25,ufotable,2011-10-02,2012-06-24,"Action, Drama, Fantasy, Supernatural",10087,45845,/tWkVxWvF8aNGbo1S1Chgu5LCJWq.jpg
65,Kaiji,Manga,52,MADHOUSE,2007-10-03,2011-10-10,"Psychological, Thriller",10271,42951,/hKTG76a11adML9ecbJt07D3jH8i.jpg
66,Sound! Euphonium,Novel,26,Kyoto Animation,2015-04-08,2016-12-29,"Drama, Music, Slice of Life",20912,62564,/l0hKrx6PjQRrHiMzK2Fanen2xbL.jpg
67,Gankutsuou,Novel,24,GONZO,2004-10-06,2005-03-30,"Drama, Mystery, Sci-Fi, Supernatural, Thriller",239,9543,/eAatnAycra30LroeMmVSGgrum73.jpg
68,Hidamari Sketch,Manga,51,Shaft,2007-01-12,2013-01-04,"Comedy, Slice of Life",1852,45893,/5kxpIAl7Ow5Pw9xMhnp67tFcNlD.jpg
69,Lupin the Third: The Woman Called Fujiko Mine,Manga,13,TMS Entertainment,2012-04-05,2012-06-28,"Action, Adventure, Comedy, Drama, Ecchi, Psychological, Thriller",13203,45860,/c1i6k29vViZrRCdcISthoEg5N3s.jpg
70,Space Dandy,Original,26,bones,2014-01-04,2014-09-28,"Comedy, Sci-Fi",20666,60874,/tR4Qthbo5CFxCL050AMxstzkYlC.jpg
71,Blood Blockade Battlefront,Manga,24,bones,2015-04-05,2017-12-24,"Action, Comedy, Supernatural",20727,62327,/1IKNrWEqu2cpOmSpwHqaCbnbIzE.jpg
72,Heidi: Girl of the Alps,Novel,52,Nippon Animation,1974-01-06,1974-12-29,"Drama, Slice of Life",2225,29452,/lVyCXYC6itDcfr5u4rfsavXtvOS.jpg
73,Magical DoReMi,Original,214,Toei Animation,1999-02-07,2004-12-11,"Comedy, Drama, Mahou Shoujo, Slice of Life",350,20353,/yODQ7MDKMbvc9H7T06CCDTdzgeX.jpg
74,Flowers of Evil,Manga,13,ZEXCS,2013-04-05,2013-06-29,"Drama, Psychological, Romance",16201,55006,/5P9YPFvwSlj73TH8t38jeOB9nWV.jpg
75,Katanagatari,Light Novel,12,White Fox,2010-01-25,2010-12-11,"Action, Adventure, Romance",6594,46374,/1CINVja7GUEDna1lZDPRgxlsrm9.jpg
76,Dennou Coil,Original,26,MADHOUSE,2007-05-12,2007-12-01,"Adventure, Comedy, Drama, Mystery, Sci-Fi",2164,13265,/mrNWHDSem2e5wVNIJqHoQe7eYK4.jpg
77,Gunbuster,Original,12,Gainax,1988-10-07,2006-08-25,"Action, Comedy, Drama, Mecha, Sci-Fi",949,66931,/4WzCDZT7G2QMvF8JxxlYTG85hSp.jpg
78,Natsume's Book of Friends,Manga,78,Brain's Base,2008-07-08,2017-07-04,"Drama, Fantasy, Slice of Life, Supernatural",4081,69500,/5AxA0foArb9OeETtibhEQ84doBd.jpg
79,Trigun,Manga,26,MADHOUSE,1998-04-02,1998-10-01,"Action, Adventure, Comedy, Drama, Sci-Fi",6,26453,/q7ErceKdCrAy7JIZg0e1KpD95ra.jpg
80,Attack on Titan,Manga,76,Wit Studio,2013-04-07,2021-03-29,"Action, Drama, Fantasy, Mystery",16498,1429,/aiy35Evcofzl7hASZZvsFgltHTX.jpg
81,Kemonozume,Original,13,MADHOUSE,2006-08-05,2006-11-05,"Action, Horror, Romance, Supernatural",1454,38806,/7HXXQ0WUpvpM5S79OpbcSiXtUku.jpg
82,Kaguya-sama: Love Is War,Manga,24,A-1 Pictures,2019-01-12,2020-06-27,"Comedy, Psychological, Romance, Slice of Life",101921,83121,/5khbC6AuNgnvnoDbjIMKCOhEtIc.jpg
83,Casshern Sins,Other,24,MADHOUSE,2008-10-01,2009-03-15,"Action, Adventure, Drama, Psychological, Sci-Fi",4981,31730,/sZWVvD5UNQTwhrO8HA3SELfZm7E.jpg
84,Yu Yu Hakusho,Manga,112,Studio Pierrot,1992-10-10,1994-12-17,"Action, Adventure, Comedy, Supernatural",392,30669,/qyqnXUsMSCWXL5vHLRhu6xiNdmK.jpg
85,Planetes,Manga,26,Sunrise,2003-10-04,2004-04-17,"Drama, Romance, Sci-Fi, Slice of Life",329,34102,/cwC8cLZv8Q7BzOPhy11QpOU5J9x.jpg
86,Laid-Back Camp,Manga,25,C-Station,2018-01-04,2021-04-01,"Comedy, Slice of Life",98444,76075,/fsTqmos9zikrNJfP0uwFsmuZOh.jpg
87,Urusei Yatsura,Manga,195,Studio Pierrot,1981-10-14,1986-03-19,"Comedy, Drama, Romance, Sci-Fi, Slice of Life",1293,34163,/n8jrIn1inNj50fivueYfG6Gjsto.jpg
88,Fullmetal Alchemist,Manga,64,bones,2009-04-05,2010-07-04,"Action, Adventure, Comedy, Drama, Fantasy",121,31911,/5ZFUEOULaVml7pQuXxhpR2SmVUw.jpg
89,Gosenzo-sama Banbanzai!,Original,6,Studio Pierrot,1989-08-05,1990-01-25,"Comedy, Sci-Fi",4639,113157,/OFJET0TWYuSwNTaQ42n8QvwrsZ.jpg
90,Mobile Suit Gundam,Original,3,Sunrise,1997-01-25,1997-07-25,"Drama, Mecha, Sci-Fi",80,42667,/4F9Ona4T6LEo5ZPgOHmPubvnnlD.jpg
91,Dragon Ball,Manga,291,Toei Animation,1989-04-26,1996-01-31,"Action, Adventure, Comedy, Fantasy",223,12971,/6VKOfL6ihwTiB5Vibq6QTfzhxA6.jpg
92,Giant Robo,,7,A.C.G.T.,1992-07-23,1998-01-25,"Adventure, Mecha, Sci-Fi",3146,69212,/o6RAeajCWAw9BOCDuCZ2Ib1qSD.jpg
93,Wandering Son,Manga,11,AIC,2011-01-14,2011-04-01,"Drama, Romance, Slice of Life",8426,43926,/eh46V76Xn0aVJvc9i7l3ELSCQg1.jpg
94,Sailor Moon,Manga,200,Toei Animation,1992-03-07,1997-02-08,"Action, Adventure, Fantasy, Mahou Shoujo, Romance",530,3570,/uDJrkdgddtzDlwNZw1Hy3HKiMy4.jpg
95,Miss Kobayashi's Dragon Maid,Manga,26,Kyoto Animation,2017-01-12,2021-08-05,"Comedy, Fantasy, Slice of Life",21776,69291,/tNznuhcf7WKzEmPQEsIgGMrB3Az.jpg
96,Humanity Has Declined,Light Novel,12,AIC A.S.T.A.,2012-07-02,2012-09-17,"Comedy, Fantasy, Sci-Fi",10357,53356,/g52KI6mJOmPKek3Lqtqfc42ARSG.jpg
97,Your Lie In April,Manga,22,A-1 Pictures,2014-10-10,2015-03-20,"Drama, Music, Romance, Slice of Life",20665,61663,/IGbeFv5Ji4W0x530JcSHiQpamY.jpg
98,Violet Evergarden,Light Novel,13,Kyoto Animation,2018-01-11,2018-04-05,"Drama, Fantasy, Slice of Life",21827,75214,/ImvHbM4GsJJykarnOzhtpG6ax6.jpg
99,Yuru Yuri,Manga,36,Doga Kobo,2011-07-05,2015-12-21,"Comedy, Slice of Life",10495,52891,/aYgira0Ocw2xbviu4pW1aEZq4B9.jpg
100,Boogiepop Phantom,Light Novel,12,MADHOUSE,2000-01-06,2000-03-23,"Drama, Horror, Mystery, Psychological, Supernatural",369,34152,/oldWjJaCGGyHjfh5aKKs4VKzXav.jpg
101,"Remi, the Nobody's Boy",Novel,51,TMS Entertainment,1977-10-02,1978-10-01,"Adventure, Drama, Slice of Life",2828,44725,/vWPWVexfLDWU9vszZJVKtcgyuiL.jpg
102,Bunny Drop,Manga,11,Production I.G,2011-07-08,2011-09-16,Slice of Life,10162,45213,/nMeOuxeY1Djly3xIFoam2H5tU0Q.jpg
103,Revue Starlight,Original,12,Kinema Citrus,2018-07-13,2018-09-28,"Action, Drama, Music, Psychological",98658,80834,/5Zon3fpEaTS2kJuCfbjdIQnnvrR.jpg
104,Showa Genroku Rakugo Shinju,Manga,25,Studio DEEN,2016-01-09,2017-03-25,Drama,20972,66862,/9BW5x9sxzVAOpjhCQCr0rObESDy.jpg
105,Space Patrol Luluco,Original,13,Trigger,2016-04-01,2016-06-24,"Action, Adventure, Comedy, Romance, Sci-Fi",21637,66107,/bbtLVjV2ELZZjOA2ZruoozhL3rx.jpg
106,The Vision of Escaflowne,Original,26,Sunrise,1996-04-02,1996-09-24,"Adventure, Fantasy, Mecha, Romance",182,8779,/6uX0Q7Sn9JYWbHqQ5ZRJoJKcTmp.jpg
107,Honey and Clover,Manga,36,J.C. Staff,2005-04-14,2006-09-14,"Comedy, Drama, Romance, Slice of Life",16,35415,/r9BlrgxYUjouB1ybDBYoJbPezs7.jpg
108,Little Witch Academia,Original,25,Trigger,2017-01-09,2017-06-26,"Adventure, Comedy, Fantasy",14349,69293,/dIeb4SEjkgaIrS1Vrvie8KUIDa0.jpg
109,Hajime No Ippo,Manga,126,MADHOUSE,2000-10-03,2014-03-29,"Comedy, Drama, Sports",19647,42705,/i3U3J2MWovIBZBnZYYiOLBXqNJZ.jpg
110,Gintama,Manga,367,Sunrise,2006-04-04,2018-10-08,"Action, Comedy, Drama, Sci-Fi",918,57041,/mWX2XnjYD8WxglIyTWM7z9FurXt.jpg
111,Hunter x Hunter (1999),Manga,62,Nippon Animation,1999-10-16,2001-03-31,"Action, Adventure, Fantasy",136,45952,/bQ325mb0gvcksV2YbDVIYHi7RNQ.jpg
112,Mr. Osomatsu,Original,75,Studio Pierrot,2015-10-05,2021-03-29,"Comedy, Slice of Life",21261,71785,/vEsmh6m9fUhJzGfLxUpliT3vqdh.jpg
113,Macross,Original,36,Tatsunoko Production,1982-10-03,1983-06-26,"Action, Drama, Mecha, Music, Romance, Sci-Fi",1088,21734,/16tZIQgVJ4EcyrIvOfMWqE0tSOu.jpg
114,Mobile Police Patlabor,Original,7,Studio DEEN,1988-04-25,1989-06-25,"Comedy, Mecha, Sci-Fi",1288,21738,/eVScFCd5lV0LcQFmewGJI6aGT78.jpg
115,Nana,Manga,47,MADHOUSE,2006-04-05,2007-03-28,"Comedy, Drama, Music, Romance, Slice of Life",877,56568,/aqdwwMbM3dczEPHrbPnkIY1bGLI.jpg
116,Cardcaptor Sakura,Manga,92,MADHOUSE,1998-04-07,2018-06-10,"Adventure, Comedy, Drama, Fantasy, Mahou Shoujo, Romance",232,35790,/dj0uI34MOkZMTE233tfRebs0YYx.jpg
117,Rurouni Kenshin,Manga,2,Studio Gallop,2001-01-16,2001-01-23,"Action, Adventure, Comedy, Romance",45,114753,/eMmKnh9abKu8kS1ytpkaZeThKMW.jpg
118,Black Lagoon,Manga,24,MADHOUSE,2006-04-09,2006-12-20,"Action, Adventure, Drama, Thriller",889,12598,/rk2fTjYgpcN6LEALEO0aKTh9y9S.jpg
119,Anohana: The Flower We Saw That Day,Original,11,A-1 Pictures,2011-04-15,2011-06-24,"Drama, Romance, Slice of Life, Supernatural",9989,39434,/2tgOAvOttp7rak3r2U5vIAaeyDt.jpg
120,Parasyte -the maxim-,Manga,24,MADHOUSE,2014-10-09,2015-03-26,"Action, Drama, Horror, Psychological, Sci-Fi",20623,61459,/2ngHwPQhHGPpLkLQd2MTAI3iXPq.jpg
121,Flip Flappers,Original,13,Studio 3Hz,2016-10-06,2016-12-29,"Action, Adventure, Comedy, Fantasy, Mahou Shoujo, Psychological, Sci-Fi",21714,68272,/bMtCTs0ZRA4rRGne5PPO2iZm4SP.jpg
122,Star Driver,Original,25,bones,2010-10-03,2011-04-03,"Action, Mecha",8934,37101,/hKoizA27ASM5mBaeKgD2PgScbEm.jpg
123,Detroit Metal City,Manga,12,Studio 4°C,2008-08-08,2008-08-08,"Comedy, Music",3702,43066,/kWPhuRsUdJWskvNUd1aCndjFZIl.jpg
124,Psycho-Pass,Original,41,Production I.G,2012-10-12,2019-12-13,"Action, Psychological, Sci-Fi, Thriller",13601,43865,/c48oUhxNb01uAnKhAbgM0dovLJg.jpg
125,Sound of the Sky,Original,12,A-1 Pictures,2010-01-05,2010-03-23,"Comedy, Music, Sci-Fi, Slice of Life",6802,35461,/oKOo4isaMNYgTdj1Yfm7kMM5qjf.jpg
126,The Irresponsible Captain Tylor,Light Novel,35,Tatsunoko Production,1993-01-25,2017-09-26,"Adventure, Comedy, Sci-Fi",569,34189,/tmPKSHWBVIG2uBFDfMV1qdql8hV.jpg
127,The Eccentric Family,Other,25,P.A. Works,2013-07-07,2017-06-25,"Comedy, Drama, Fantasy, Slice of Life, Supernatural",17909,61338,/jDq0Q9OoeFOqJGCaV9sdn1cmJNy.jpg
128,Panty & Stocking With Garterbelt,Original,28,Gainax,2010-10-02,2010-12-25,"Action, Comedy, Ecchi, Supernatural",8795,42421,/620mZ7Lo8B1681F2ts4HeBIkLRz.jpg
129,Spice and Wolf,Light Novel,25,Imagin,2008-01-08,2009-09-24,"Adventure, Fantasy, Romance",2966,26707,/sHTYKYt03rpVkYjof9VRtmKys6d.jpg
130,Ergo Proxy,Original,23,Manglobe,2006-02-25,2006-08-12,"Adventure, Mystery, Psychological, Sci-Fi",790,1097,/qolcK1gqok7Gfx08sQdvxsXuac8.jpg
131,Nadia,Original,39,Gainax,1990-04-13,1991-04-12,"Adventure, Comedy, Romance, Sci-Fi",1251,24710,/87HKbb3GJ94b7Vb9bwGQOE9l9l4.jpg
132,Moribito: Guardian of the Spirit,Novel,26,Production I.G,2007-04-07,2007-09-29,"Action, Adventure, Fantasy",1827,42830,/zIxIBlI30sbziW1zkqvCHJAWA6L.jpg
133,Fantastic Children,Original,26,Nippon Animation,2004-10-04,2005-03-28,"Adventure, Fantasy, Mystery, Romance, Sci-Fi",455,34699,/f1HH3HPYXSvlYnaw141l0nR4tiv.jpg
134,Love Wind,Manga,13,A.C.G.T.,2004-04-01,2004-07-07,"Drama, Psychological, Romance, Slice of Life",634,42861,/91EOvXwhKkNh72eynkn46BsATqx.jpg
135,Durarara!!,Light Novel,60,Brain's Base,2010-01-08,2016-03-26,"Action, Mystery, Supernatural",6746,42410,/ePTyPLVtMZdyPnU0KwFjrVCSQmI.jpg
136,Death Parade,Original,12,MADHOUSE,2015-01-10,2015-03-28,"Drama, Mystery, Psychological, Supernatural, Thriller",20931,61901,/qeD9wDenN7CPA99FScSErJCvcWb.jpg
137,Yuyushiki,Manga,12,Kinema Citrus,2013-04-09,2013-06-25,"Comedy, Slice of Life",15911,52890,/fqiDH1cb3vCnz2FUcRHtOEQjFRi.jpg
138,Sabu & Ichi's Arrest Warrant,Manga,2,Toei Animation,1968-10-03,1969-09-24,"Action, Adventure, Drama",5997,34217,/tVX4tqAETmJrdrsALa0eZgiLRGk.jpg
139,WataMote,Manga,12,SILVER LINK.,2013-07-09,2013-09-24,"Comedy, Slice of Life",16742,61755,/ykhZOdUjdpFuQZqnN4QVWlTjX6o.jpg
140,Shiki,Other,22,Daume,2010-07-09,2010-12-31,"Horror, Mystery, Supernatural, Thriller",7724,36581,/zsWbTnNwNjqWvgZ9gqTcK9WLoWy.jpg
141,Diebuster,Original,12,Gainax,1988-10-07,2006-08-25,"Action, Comedy, Mecha, Sci-Fi",1002,66931,/4WzCDZT7G2QMvF8JxxlYTG85hSp.jpg
142,Excel Saga,Manga,26,J.C. Staff,1999-10-07,2000-03-30,"Comedy, Sci-Fi",379,9519,/hsDcuUPsbAmx6vLYWw0WQaMWska.jpg
143,Dragon Ball Z,Manga,291,Toei Animation,1989-04-26,1996-01-31,"Action, Adventure, Comedy",813,12971,/6VKOfL6ihwTiB5Vibq6QTfzhxA6.jpg
144,Bloom Into You,Manga,13,TROYCA,2018-10-05,2018-12-28,"Drama, Romance, Slice of Life",101573,82861,/iZNfwA4kbHwPRUzwIX9EVCTcUhS.jpg
145,My Teen Romantic Comedy SNAFU,Light Novel,38,Brain's Base,2013-04-05,2020-09-25,"Comedy, Drama, Romance, Slice of Life",14813,65676,/8knvr1LbnPD8SZjZlkD3cOt3TYu.jpg
146,Turn A Gundam,Original,50,Sunrise,1999-04-09,2000-04-14,"Action, Adventure, Drama, Mecha, Sci-Fi",95,37546,/yTpqQNk5sH3ouKsAh3rZBlROckU.jpg
147,Maison Ikkoku,Manga,96,Studio DEEN,1986-03-26,1988-03-02,"Comedy, Drama, Romance, Slice of Life",1453,43018,/6jN5iROb8bwm8RSjeKw4OXh93Xo.jpg
148,Sarazanmai,Original,11,MAPPA,2019-04-12,2019-06-21,"Comedy, Drama, Fantasy, Psychological, Supernatural",101261,86919,/fRWF8xDA9ZGuvbFE8NLGZoBRuqK.jpg
149,Gutsy Frog,Manga,22,,1972-10-07,1973-03-03,,5618,45356,/tINZLA1slqie76LvFDrVR7kMB0E.jpg
150,Treasure Island,Other,26,MADHOUSE,1993-09-10,1995-06-27,"Adventure, Drama, Mystery",2618,13264,/dxwlU0wUwYvZc4ZKtYTzqz6ibsY.jpg
151,Lupin III,Manga,278,TMS Entertainment,1971-10-24,2018-09-19,"Action, Adventure, Comedy, Drama, Ecchi, Psychological, Thriller",13203,31572,/aywOqgw5opNykCW4R8os1liPVnq.jpg
152,Vinland Saga,Manga,24,Wit Studio,2019-07-08,2019-12-30,"Action, Adventure, Drama",101348,88803,/vUHlpA5c1NXkds59reY3HMb4Abs.jpg
153,Kids on the Slope,Manga,12,MAPPA,2012-04-13,2012-06-29,"Drama, Music, Romance, Slice of Life",12531,42557,/dFwBvUhtV8ynSLaSXfRUYInlTFk.jpg
154,Tamako Market,Original,12,Kyoto Animation,2013-01-10,2013-03-28,"Comedy, Slice of Life",16417,48561,/chxENbRzjXqA9xJ36EaZFnFqyzE.jpg
155,Assassination Classroom,Manga,47,Lerche,2015-01-10,2016-07-01,"Action, Comedy, Drama, Supernatural",20755,62110,/wOd98jDHkoWy2LZ4gSy67X1ihv1.jpg
156,Cromartie High School,Manga,26,Production I.G,2003-10-02,2004-03-26,Comedy,114,12260,/fap9ADMD1xVnz62rmnQerxzmFoy.jpg
157,Golden Boy,Manga,6,APPP,1995-10-27,1996-06-28,"Adventure, Comedy, Ecchi",268,34105,/fx2DqPaW5OwFTBgS4nbTuCxdYFj.jpg
158,Le Portrait de Petite Cosette,Original,3,Daume,2004-04-11,2004-12-12,"Drama, Horror, Psychological, Romance, Supernatural",514,73501,/o216dynsE8s4CVF8MvwmUPwIE0E.jpg
159,House of Five Leaves,Manga,12,Manglobe,2010-04-16,2010-07-02,"Drama, Mystery",7588,53352,/yBnrKdexSdSldD6S8LaMgu1zAUm.jpg
160,Eureka Seven,Original,74,bones,2005-04-17,2012-11-20,"Adventure, Drama, Mecha, Romance, Sci-Fi",237,889,/8UEQjulTcPpVJhHvNosbBi4Ufq4.jpg
161,Ouran High School Host Club,Manga,26,bones,2006-04-05,2006-09-27,"Comedy, Drama, Romance, Slice of Life",853,1043,/30N2QvPvT0F4tTQk1A6qguL63yd.jpg
162,Haikyuu!!,Manga,85,Production I.G,2014-04-06,2020-12-19,"Comedy, Drama, Sports",20464,60863,/pLpQZHVduTzJTOVNmWfppY9tk3W.jpg
163,To My Brother...,Manga,39,Tezuka Productions,1991-07-14,1992-05-17,"Drama, Psychological",795,36588,/uj4w3dFkoI0e3o3JVONyZScICop.jpg
164,Cyber City Oedo 808,Original,3,MADHOUSE,1990-06-21,1991-10-04,"Action, Adventure, Sci-Fi",1352,64210,/9TaiOqFMxVPEBGwpdRZbskRgCtY.jpg
165,Eden of the East,Original,11,Production I.G,2009-04-09,2009-06-19,"Action, Adventure, Drama, Mystery, Psychological, Romance, Sci-Fi, Thriller",5630,21750,/iit1Yfsv2Q2VyjkDkbygxrQd8WG.jpg
166,Mirai Nikki,Manga,26,Asread,2011-10-09,2012-04-15,"Action, Horror, Mystery, Psychological, Supernatural, Thriller",10620,46671,/lQ466CW06VQ30SbHupdLLfxF234.jpg
167,Paniponi Dash!,Manga,26,Shaft,2005-07-03,2005-12-25,Comedy,490,89086,/nyUX2IVUzvzAPfDRSMIRTUS57Da.jpg
168,Yokohama Shopping Log,Manga,4,Ajiado,1998-05-21,2003-03-05,"Sci-Fi, Slice of Life",975,79287,/azF6l6CaVSmPFSm7u9yEaqlhfXS.jpg
169,Death Frenzy,Manga,12,MADHOUSE,2007-07-19,2007-10-11,"Action, Drama",2216,34144,/me1yCtPZAC6kEW1IGWW7XxJASCt.jpg
170,Angel Beats,Original,13,P.A. Works,2010-04-03,2010-06-25,"Action, Comedy, Drama, Supernatural",6547,42942,/d7j2KtAh88wEcQCIVQ7SKz2T5So.jpg
171,Mobile Suit Zeta Gundam,Original,50,Sunrise,1985-03-02,1986-02-22,"Drama, Mecha, Sci-Fi",85,13674,/pmErEd15QbO05OJ3awhr7jvs8LQ.jpg
172,Gilgamesh,Manga,26,Group TAC,2003-10-02,2004-03-25,"Drama, Fantasy, Sci-Fi",385,26107,/ub3XhOLioxmxcCRwCf35SGdOlg9.jpg
173,Bubblegum Crisis,Original,8,AIC,1987-02-25,1991-01-30,"Action, Mecha, Sci-Fi",1347,42882,/2k4vwUKRiXoz2ZSqG87NMlVCl0F.jpg
174,Infinite Ryvius,Original,26,Sunrise,1999-10-10,2000-03-29,"Drama, Mecha, Psychological, Sci-Fi",593,42982,/2TrLTHpATruw722zD5osAVwyJL9.jpg
175,The Twelve Kingdoms,Light Novel,45,Studio Pierrot,2002-04-09,2003-08-30,"Action, Adventure, Fantasy, Supernatural",153,42729,/z9NsTwb101up3a4j9xgcCa8H02U.jpg
176,Touch,Manga,101,Studio Gallop,1985-03-24,1987-03-22,"Drama, Romance, Slice of Life, Sports",1065,22104,/zPwmMiIOZvUQXeSAf8vnKdfguYd.jpg
177,Zegapain,Original,26,Sunrise,2006-04-06,2006-09-28,"Action, Mecha, Romance, Sci-Fi",878,34735,/b3uaZ9fqpw70oPcJEXrIa4uCgqG.jpg
178,A Dog of Flanders,Other,52,Nippon Animation,1975-01-05,1975-12-28,"Drama, Slice of Life",2553,45657,/pgEUQ69pbSTAnOejwFkz7rXo1sC.jpg
179,Chibi Maruko-chan,Manga,801,Nippon Animation,1990-01-07,1992-09-13,"Comedy, Slice of Life",951,57775,/5Ta4wnZPzOf4oCEgpBfmvXWhYwJ.jpg
180,The Promised Neverland,Manga,23,CloverWorks,2019-01-11,2021-03-26,"Drama, Fantasy, Horror, Mystery, Psychological, Thriller",101759,83097,/oBgRCpAbtMpk1v8wfdsIph7lPQE.jpg
181,Terror in Resonance,Original,11,MAPPA,2014-07-11,2014-09-26,"Drama, Mystery, Psychological, Thriller",20661,61421,/nF24ODOd7PBKZ5riiJ0W7A8hjNZ.jpg
182,Chihayafuru,Manga,74,MADHOUSE,2011-10-05,2020-03-24,"Drama, Romance, Slice of Life, Sports",10800,45247,/rVZipy8jfpH4BUnnv6O5n0alNK1.jpg
183,SoulTaker,Original,13,Tatsunoko Production,2001-04-04,2001-07-04,"Horror, Supernatural",1048,8654,/7iRdBPcSOO3gcdl5vKvdvjEGoVN.jpg
184,Pop Team Epic,Manga,14,Kamikaze Douga,2018-01-07,2019-04-01,Comedy,98549,76139,/krWQxK4i5CWvkNCiLJKrz4GsdY8.jpg
185,Barakamon,Manga,12,Kinema Citrus,2014-07-05,2014-09-27,"Comedy, Slice of Life",20722,67048,/wH5500OtgEHVNs606APuvL5iZ5z.jpg
186,Chobits,Manga,26,MADHOUSE,2002-04-02,2002-09-24,"Comedy, Drama, Ecchi, Romance, Sci-Fi",59,37527,/qREebPjRrLjBoSGCP4v8Tz9OAOU.jpg
187,Akagi,Manga,26,MADHOUSE,2005-10-05,2006-03-29,"Psychological, Sports, Thriller",658,42877,/1wbTH3sWR6GVbgPDz6LQV1eYnEW.jpg
188,Alien 9,Manga,46,J.C. Staff,2008-04-18,2010-03-26,"Drama, Horror, Psychological, Sci-Fi, Slice of Life",1177,6040,/pGhCUqPaXZ0Xp4dUCT7Q6hjJArf.jpg
189,Naruto,Manga,213,Studio Pierrot,2017-04-05,2021-08-01,"Action, Comedy",20,70881,/e0B6i48kxdRkMcK4tR4YNfXGWOc.jpg
190,Saint Seiya,Manga,114,Toei Animation,1986-10-11,1989-04-01,"Action, Adventure, Fantasy, Sci-Fi",1254,42444,/dhtiYYbob8saEUFWle3aWgVY28M.jpg
191,Gunslinger Girl,Manga,26,MADHOUSE,2003-10-08,2008-03-31,"Action, Drama, Psychological, Sci-Fi",134,31731,/2tr9uJuGdMFzWfXF2tVZvpVaRXe.jpg
192,Princess Principal,Original,12,Studio 3Hz,2017-07-09,2017-09-25,"Action, Adventure, Sci-Fi",98505,72515,/rulGKYoaq1uuXOQzzShyJHrzA8t.jpg
193,Guilty Crown,Original,22,Production I.G,2011-10-13,2012-03-22,"Action, Drama, Mecha, Psychological, Romance, Sci-Fi",10793,43125,/oLhuiKf6hSjfgejoVT9Tlv8BblY.jpg
194,"Sayonara, Zetsubou Sensei",Manga,38,Shaft,2007-07-07,2009-09-26,Comedy,2605,42887,/aqmgsww2z7wif1eDeee7YceBxGS.jpg
195,Golden Time,Original,24,,2013-10-03,2014-03-27,"Comedy, Fantasy",102755,67389,/qp4eHCZMR14dtubvzr67PZqH5fa.jpg
196,Hayate the Combat Butler,Manga,102,SynergySP,2007-04-01,2013-07-01,"Action, Comedy, Romance",2026,56355,/257dUYlovXHuFaA1Tn2oAOoLENF.jpg
197,"She, The Ultimate Weapon",Manga,13,GONZO,2002-07-02,2002-09-24,"Drama, Romance, Sci-Fi",529,34771,/hScmm5ToLt0v0b8Yb0e7IboEyUd.jpg
198,When They Cry,Visual Novel,48,Studio DEEN,2020-10-01,2021-08-05,"Horror, Mystery, Psychological, Supernatural, Thriller",934,100988,/3NiRdFXb9xz7ZFgmZ0RmoWjkTvz.jpg
199,Slayers,Light Novel,104,E&G Films,1995-04-07,2009-04-06,"Adventure, Comedy, Fantasy",534,26318,/3iTxwvaEOyxogd2hAu1wPb8Dd0P.jpg
200,Gatchaman Crowds,Original,24,Tatsunoko Production,2013-07-13,2015-09-27,"Action, Adventure, Sci-Fi",18229,61527,/dnlC1rjaucXDHOu85KCb9F318c0.jpg
201,Concrete Revolutio,Original,24,bones,2015-10-04,2016-06-19,"Action, Drama, Fantasy, Mystery, Sci-Fi, Supernatural",21249,65932,/nxem8mWfpT1LD7GZ1wKEKRDlLqp.jpg
202,Chrono Crusade,Manga,24,GONZO,2003-11-24,2004-06-09,"Action, Romance, Supernatural",60,34061,/v2DDGnv9kElP7ECd4j6jsLxEDSb.jpg
203,The Big O,Original,26,Sunrise,1999-10-13,2003-03-27,"Action, Mecha, Mystery, Psychological, Sci-Fi",567,18241,/AsL5J7k9diSxQcxwNEYJSKqtRCS.jpg
204,ef,Visual Novel,24,Shaft,2007-10-06,2008-12-22,"Drama, Mystery, Psychological, Romance, Supernatural",4789,27866,/AoxyuMX7gQqw2tdbTYaMIO6HMZ1.jpg
205,Slam Dunk,Manga,101,Toei Animation,1993-10-16,1996-03-23,"Comedy, Drama, Slice of Life, Sports",170,42573,/65Xo6gKpREqXpzliLx9PYqSQ4O.jpg
206,Nodame Cantabile,Manga,45,J.C. Staff,2007-01-11,2010-03-26,"Comedy, Drama, Music, Romance, Slice of Life",1698,45527,/cMhcTPgU2493A3akpBXbzDO0dxl.jpg
207,Key the Metal Idol,Original,15,Studio Pierrot,1994-12-16,1995-03-24,"Action, Drama, Mecha, Music, Sci-Fi",1457,46599,/5EvWydT9cfVMTn0WLuNUkybNJmU.jpg
208,KonoSuba,Light Novel,20,Studio DEEN,2016-01-14,2017-03-16,"Adventure, Comedy, Fantasy",21202,65844,/oRaOeQlwktbGSd2T31FYAcgHZlh.jpg
209,Sketchbook,Manga,13,Hal Film Maker,2007-10-02,2007-12-25,"Comedy, Slice of Life",2942,72249,/thUCyc63onPYj6baWXOsFUf8b17.jpg
210,Mad Bull 34,Manga,4,Magic Bus,1990-12-21,1992-08-21,"Action, Comedy",3448,45287,/iCODvgGuDDZW0ee8i44wyVg8h0p.jpg
211,Toradora,Light Novel,25,J.C. Staff,2008-10-02,2009-03-26,"Comedy, Drama, Romance, Slice of Life",4224,42916,/jgLSYTAgjQgwBqLEw1bgr8vNxeK.jpg
212,Keep Your Hands Off Eizouken!,Manga,12,Science SARU,2020-01-06,2020-03-23,"Adventure, Comedy, Slice of Life",109298,92579,/1rHoqpvvfjHqEBGuhKfPtZoRQkC.jpg
213,Asobi Asobase,Manga,12,Lerche,2018-07-08,2018-09-23,"Comedy, Slice of Life",101001,80539,/zWE3bnCILcRpfQCsxBkMsgcEjOE.jpg
214,Toward The Terra,Manga,24,Minami Machi Bugyousho,2007-04-07,2007-09-22,"Action, Drama, Sci-Fi",2158,30237,/2OHjXW2DLY13eGqGif0ZBHnIWqO.jpg
215,Adventure of Gamba,,26,,1975-04-07,1975-09-29,Adventure,20175,67412,/32B8nGeByyZjSfdZfwnLBRXcwUR.jpg
216,My Hero Academia,Manga,113,bones,2016-04-03,2021-07-31,"Action, Adventure, Comedy",21459,65930,/phuYuzqWW9ru8EA3HVjE9W2Rr3M.jpg
217,Hikaru no Go,Manga,75,Studio Pierrot,2001-10-10,2003-03-26,"Comedy, Sports, Supernatural",135,30982,/qrk2w3qchJmmNIxPNs9I6PYfcWn.jpg
218,No Game No Life,Light Novel,12,MADHOUSE,2014-04-09,2014-06-25,"Adventure, Comedy, Ecchi, Fantasy",19815,60808,/qpKGtHATF326zuC1jh7WCrY7u5g.jpg
219,3000 Leagues in Search of Mother,Novel,52,Nippon Animation,1976-01-04,1976-12-26,"Adventure, Drama",1663,8962,/cNyYHaHxOytT7DFbVhRrHpkqlst.jpg
220,The Dragon Dentist,Original,2,Studio Khara,2017-02-18,2017-02-25,"Adventure, Fantasy",87539,70468,/xnN2C6kud4T54AaF2bqAqW5IoWd.jpg
221,New Dominion Tank Police,,10,J.C. Staff,1988-05-27,1994-10-21,"Comedy, Mecha, Sci-Fi",1152,45137,/f8WPejGXINqO4aVyZuhDWBRVI2p.jpg
222,Nagi-Asu: A Lull in the Sea,Original,26,P.A. Works,2013-10-03,2014-04-03,"Drama, Fantasy, Romance, Slice of Life",16067,61408,/hOm9TB9JQJhAT1tBXGsngP35cCX.jpg
223,Fate/Apocrypha,Light Novel,25,A-1 Pictures,2017-07-02,2017-12-31,"Action, Drama, Fantasy, Supernatural",98035,72304,/6z5fvOImqH7WsPHOJIyxEJFRwX6.jpg
224,Joshiraku,Manga,13,J.C. Staff,2012-07-06,2012-09-28,"Comedy, Slice of Life",12679,79040,/67zsN2RRa187v8fwYxlN8c8T19X.jpg
225,Full Metal Panic? Fumoffu,Light Novel,12,Kyoto Animation,2003-08-26,2003-11-18,"Action, Comedy, Romance",72,68184,/tSJbYU643iD2VqkPw04vWbvYwBk.jpg
226,"Love, Chunibyo & Other Delusions!",Light Novel,24,Kyoto Animation,2012-10-04,2014-03-26,"Comedy, Drama, Romance, Slice of Life",14741,45501,/1IapEqydEiGO0gCgBPVexTFbUCS.jpg
227,Darker than Black,Original,37,bones,2007-04-06,2009-12-25,"Action, Mystery, Sci-Fi",2025,31718,/iyxodUUXaeLk0N0siDWHA7rbURk.jpg
228,RahXephon,Original,26,bones,2002-01-21,2002-09-10,"Drama, Mecha, Music, Mystery, Psychological, Romance, Sci-Fi",165,13375,/ngBOoMd6lCtT6M4UsmhW4ZCg4lq.jpg
229,Black Rock Shooter,Other,8,Ordet,2012-02-03,2012-03-23,"Action, Drama, Fantasy, Psychological, Slice of Life",11285,43079,/5f53PhseZy8xoZNK6t2CGwQeZCS.jpg
230,Captain Earth,Original,25,bones,2014-04-06,2014-09-21,"Mecha, Sci-Fi",20446,60806,/g8JU8FwRHdptsS0277dZFdHo5TC.jpg
231,Elfen Lied,Manga,13,Arms,2004-07-25,2004-10-17,"Action, Drama, Ecchi, Horror, Psychological, Romance, Supernatural",226,42671,/1Qaei4Vst8i0DfzdqhOJJHc5JAY.jpg
232,Kokoro Connect,Light Novel,13,SILVER LINK.,2012-07-08,2012-09-30,"Drama, Romance, Slice of Life, Supernatural",11887,45807,/kzPbvHs9qISUPSQUbqnLdaiJh8E.jpg
233,Wonder Egg Priority,Original,12,CloverWorks,2021-01-13,2021-03-31,"Action, Drama, Fantasy, Mystery, Psychological, Sci-Fi, Thriller",124845,111255,/7Ief4J2hkBuaKxUzy9fMqUoh9BY.jpg
234,School-Live!,Manga,12,Lerche,2015-07-09,2015-09-24,"Horror, Mystery, Psychological, Slice of Life, Supernatural",20754,63495,/46C5g7zAN4KHfZQBaJamyWia8l0.jpg
235,Black Jack,Manga,12,Tezuka Productions,2015-10-02,2015-12-18,"Action, Adventure, Drama, Mystery, Supernatural",1520,69602,/ibI8xbSSIB6P89Qj2aG0QRhNoqp.jpg
236,Basilisk,Other,24,Seven Arcs,2005-04-12,2005-09-20,"Action, Fantasy",99569,9410,/oqLJUgkLjL7FK3NdSpnG7NZHPva.jpg
237,The Disastrous Life of Saiki K.,Manga,48,J.C. Staff,2016-07-04,2018-06-27,"Comedy, Slice of Life, Supernatural",112625,67676,/tpym31HVeQgenaubvCxkMF3kFHy.jpg
238,New Game!,Manga,24,Doga Kobo,2016-07-04,2017-09-26,"Comedy, Slice of Life",21455,67012,/tga2LXkZR9gr9MajpYpeWgCLGt2.jpg
239,Bleach,Manga,1,Studio Pierrot,,,"Action, Adventure, Supernatural",269,100645,/l8P5lgwxwnMueUOr6PsHc98jtL4.jpg
240,Ranma 1/2,Manga,161,Studio DEEN,1989-04-15,1992-09-25,"Action, Comedy, Ecchi, Romance, Slice of Life",210,57706,/9E9Jq2tL2IiJFZJofM3kSJxVqWr.jpg
241,Tantei Opera Milky Holmes,Other,48,J.C. Staff,2010-10-07,2015-03-28,"Comedy, Mystery",7768,51492,/1tUE9wZXIurCa8ioPiLKsrT1pRC.jpg
242,Tanaka-kun Is Always Listless,Manga,12,SILVER LINK.,2016-04-09,2016-06-25,"Comedy, Slice of Life",21495,66077,/q3TdnhtfXh6yfrHuZO0hEmkjjnr.jpg
243,Re: Cutie Honey,Manga,3,Toei Animation,2004-07-24,2004-09-25,"Action, Comedy, Ecchi, Mahou Shoujo, Sci-Fi",151,95736,/tHh1NDxwQuvN9MASVTgnFBEbmRh.jpg
244,Gasaraki,Original,25,Sunrise,1998-10-04,1999-03-28,"Drama, Mecha, Psychological, Supernatural",782,34782,/6xN2mibxO4yMqHkOmjN6uSVXX4k.jpg
245,Steins;Gate 0,Visual Novel,23,White Fox,2018-04-12,2018-09-26,"Drama, Sci-Fi, Thriller",21127,78102,/75w7GE9K7T5wvy3OGN9gauSoBOZ.jpg
246,Mobile Suit Gundam 00,Original,50,Sunrise,2007-10-06,2009-03-29,"Action, Drama, Mecha, Sci-Fi",2581,21732,/dcUTOm6XXLT2ITQVCubkSwQ6qCE.jpg
247,Nisekoi,Manga,32,Shaft,2014-01-11,2015-06-26,"Comedy, Romance",18897,62640,/x15LnCbRgRlZFnq2kQdbW9tlheZ.jpg
248,Encouragement of Climb,Manga,49,8-bit,2013-01-03,2018-09-25,"Adventure, Comedy, Slice of Life",14355,53918,/4Of4kzRyYlzImnFm75o4JVw7uz6.jpg
249,Strawberry Marshmallow,Manga,12,Daume,2005-07-15,2005-10-14,"Comedy, Slice of Life",488,35730,/pcb6GPHQGWQNCbL338TOOlnmTrI.jpg
250,Digimon Tamers,Original,51,Toei Animation,2001-04-01,2002-03-31,"Adventure, Drama, Fantasy",874,9302,/uEs5GRuibXsSnAH2Hr0DiWupyzb.jpg
251,Charge!! Men's Private School,Manga,34,Toei Animation,1988-02-25,1988-11-14,"Action, Comedy",2903,88796,/bJTLwEgfl5lVF5fqCAc24Ljsa7Z.jpg
252,Dororo and Hyakkimaru,Manga,26,Mushi Productions,1969-04-06,1969-09-28,"Action, Adventure, Supernatural",5760,21298,/kFFRiNaQJub24cgiNmDfLjZj9oT.jpg
253,To Heart!,Visual Novel,26,OLM,1999-04-02,2004-12-25,"Drama, Romance, Slice of Life",472,27346,/ooh3dKluSIvJPRpXsVaM9Ze9ajA.jpg
254,Gungrave,Video Game,26,MADHOUSE,2003-10-07,2004-03-30,"Action, Drama, Sci-Fi",267,5894,/4WdnoEFLhM70XSLlV1lkvCl56Ax.jpg
255,Waiting in the SUmmer,Original,12,J.C. Staff,2012-01-10,2012-03-27,"Comedy, Drama, Romance, Sci-Fi, Slice of Life",11433,42499,/lWzw48MVt1zql1CA3YLugqIlA1F.jpg
256,Wolf's Rain,Original,30,bones,2003-01-07,2004-01-25,"Action, Adventure, Drama, Fantasy, Mystery, Sci-Fi",202,34801,/9FPi11HMGhrZs07IV2YkedoXJFm.jpg
257,White Album 2,Visual Novel,13,Satelight,2013-10-06,2013-12-29,"Drama, Music, Romance, Slice of Life",18245,70072,/lwRNHfZyPWOI2oFNfIoaXsiwGJB.jpg
258,Gundam G no Reconguista,Original,26,Sunrise,2014-10-02,2015-03-27,"Action, Mecha, Sci-Fi",20658,61414,/2dOUToA73fSsDJSMDFPeyIoGW0q.jpg
259,JoJo's Bizarre Adventure (1993),Manga,13,APPP,1993-11-19,2002-01-25,"Action, Adventure, Drama, Horror, Supernatural",666,60862,/1aIajBb89PA4w00bJ5faPoXLMFY.jpg
260,Macross Plus,Original,4,Triangle Staff,1994-08-25,1995-06-25,"Action, Drama, Mecha, Music, Romance, Sci-Fi",474,21733,/tiGA38Um3IqBbyylUwy8iqAzFto.jpg
261,Aim for the Ace,Manga,26,Tokyo Movie Shinsha,1973-10-05,1974-03-29,"Drama, Sports",311,46419,/fRIz0Hu3ulmHtbcPjZD0PQIYycD.jpg
262,Japan Animator Expo,,36,,2014-11-07,2015-10-09,,,103927,/c0hdu4gPQPiyK6y2N6mQONHUecM.jpg
263,Tesagure! Bukatsu-mono,Original,36,,2013-10-06,2015-06-20,"Comedy, Slice of Life",19919,57407,/7NIO5cfhOrKUq3XATLwsTxWPw6L.jpg
264,Birdy the Mighty: Decode,Manga,25,A-1 Pictures,2008-07-05,2009-03-28,"Action, Comedy, Sci-Fi",3974,37264,/2MhyFK76viQc94A8Qbld4Ld2lSj.jpg
265,Desert Punk,Manga,24,GONZO,2004-10-04,2005-03-28,"Action, Adventure, Comedy, Ecchi, Sci-Fi",25,29616,/mJ22FZbnULTrfohVbm0JEcYTTRo.jpg
266,Tetsujin 28-Gou,Manga,,,,,"Mecha, Slice of Life",19445,,
267,Great Pretender,Original,23,Wit Studio,2020-07-09,2020-12-17,"Action, Comedy, Drama, Thriller",110349,93816,/rI7ieYbsIquhDLkLoVIlDC0J91Z.jpg
268,Manga Children's Library,,,,,,"Drama, Fantasy",20231,,
269,Mobile Suit Gundam: The Origin,Manga,13,Sunrise,2019-04-29,2019-08-12,"Action, Mecha, Sci-Fi",10937,88865,/kdt4G11wKDJBI8UFIFSxsm2PNb6.jpg
270,Sweet Blue Flowers,Manga,11,J.C. Staff,2009-07-02,2009-09-10,"Drama, Romance, Slice of Life",6164,34838,/eeuSpw47UmVYLgNFtsauAURxZLf.jpg
271,Re:Zero,Light Novel,50,White Fox,2016-04-04,2021-03-24,"Action, Adventure, Drama, Fantasy, Psychological, Romance, Thriller",21355,65942,/5MrRCj7z92YLWMXHeWKp19eJPYv.jpg
272,Heartcatch Pretty Cure!,Original,49,Toei Animation,2010-02-07,2011-01-30,"Action, Comedy, Drama, Fantasy, Mahou Shoujo",7645,42981,/ifzvO12NxM3pAXD0lXzm3NYm29x.jpg
273,Outlaw Star,Manga,26,Sunrise,1998-01-08,2001-02-16,"Action, Adventure, Comedy, Sci-Fi",400,35106,/9KZZmrsHuIHyIlrd7fgwsHvMi4e.jpg
274,Mashin Hero Wataru,,142,Sunrise,1988-04-16,1998-09-17,"Adventure, Comedy, Mecha, Sci-Fi",3837,19612,/vAszluOzHQEXnVSJy9yn65i5FXX.jpg
275,Shin Mazinger Z,Manga,26,Bee Media,2009-04-04,2009-09-26,"Action, Mecha",5485,36249,/4zaIJQm56idsSTvw0V2vbPumg7y.jpg
276,Beyond the Boundary,Light Novel,12,Kyoto Animation,2013-10-02,2013-12-18,"Action, Drama, Fantasy, Slice of Life, Supernatural",18153,61695,/6cmtMbEZAYm3aWzthFRk6048LFi.jpg
277,Medabots,Video Game,91,Bee Train,2001-09-01,2004-05-08,"Action, Adventure, Comedy, Sci-Fi",1138,11235,/sox1eAn3ZxRA14lgqP8EsEshhOT.jpg
278,Neo Yokio,Original,6,MADHOUSE,2017-09-22,2017-09-22,"Adventure, Fantasy, Horror, Sci-Fi, Supernatural",1951,74044,/dPC7se2Vi9vc9BSiCvSeV0pO9J2.jpg
279,Daily Lives of High School Boys,Manga,12,Sunrise,2012-01-10,2012-03-27,"Comedy, Slice of Life",11843,45859,/kPzPTbw3rkB66qKSsjlWtOetQWc.jpg
280,Bokurano,Manga,24,GONZO,2007-04-08,2007-09-27,"Drama, Mecha, Psychological, Sci-Fi",1690,34765,/AsySHpvkFGO7mTcQ8jlWQKNCGBx.jpg
281,Cat Soup Theater,Manga,27,,1999-07-09,1999-10-01,,,26769,/5V6o4IO3APP0I4DLMLuv0glMf7.jpg
282,Megalobox,Original,26,TMS Entertainment,2018-04-06,2021-06-27,"Action, Drama, Sci-Fi, Sports",100298,77939,/mfXCEFdiMMWEUCGcCbdEo7bfhKK.jpg
283,Symphogear,Original,65,Satelight,2011-12-26,2019-09-29,"Action, Drama, Mahou Shoujo, Music, Sci-Fi",11751,63322,/sph8gCgCBm2j0tgHtexX05j6dph.jpg
284,Hinamatsuri,Manga,12,feel.,2018-04-06,2018-06-22,"Comedy, Sci-Fi, Slice of Life, Supernatural",100077,76758,/1RLXQqX3Lv50uBECZIzuqGW887t.jpg
285,Magical Circle Guru Guru,Manga,107,Nippon Animation,1994-10-13,2017-12-20,"Adventure, Comedy, Fantasy",331,36247,/31gIMFG891fq94mRWb4TusfR6GH.jpg
286,Tenchi Muyo,Original,28,AIC,1992-09-25,2021-05-28,"Comedy, Romance, Sci-Fi",696,43004,/jQMDb6sS3IpWOZNkbPQZLLfNM3w.jpg
287,Cross Game,Manga,50,SynergySP,2009-04-05,2010-03-28,"Comedy, Drama, Romance, Sports",5941,46337,/grfEAsk3rrTSh1OcEeISI3N2oYN.jpg
288,Mitsudomoe,Manga,22,Bridge,2010-07-02,2011-02-27,"Comedy, Slice of Life",7627,35532,/nr1ianmsNMFgZXiSXSk4fyMxj5s.jpg
289,Brain Powerd,Original,26,Sunrise,1998-04-08,1998-11-11,"Action, Adventure, Mecha, Sci-Fi",1542,20112,/dGBQVJch6BrEG3LOnWvR0qjgJ2A.jpg
290,Gundam Build Fighters,Original,50,Sunrise,2013-10-07,2015-03-25,"Action, Mecha, Sci-Fi",19319,60667,/g0BsIJXTZBEQYgnl7xJmWFMQ9W1.jpg
291,Rage of Bahamut: Genesis,Video Game,36,MAPPA,2014-10-06,2017-09-30,"Action, Adventure, Fantasy, Supernatural",20590,61445,/osUNCb2v2kIlyLg9DgM5zBlnyRB.jpg
292,Zombieland Saga,Original,24,MAPPA,2018-10-04,2021-06-24,"Comedy, Music, Supernatural",103871,82822,/vSaonGCXOtC8RmqR3e5L8f4lAdI.jpg
293,Kill Me Baby,Manga,13,J.C. Staff,2012-01-05,2012-03-29,Comedy,11079,73598,/roi29pllxcLud3wVAky4msljKE.jpg
294,Gabriel Dropout,Manga,12,Doga Kobo,2017-01-09,2017-03-27,"Comedy, Slice of Life, Supernatural",21878,69285,/dS5dut05RFNi3fOCn6iO31Eag9x.jpg
295,Claymore,Manga,26,MADHOUSE,2007-04-03,2007-09-25,"Action, Adventure, Fantasy, Horror, Supernatural",1818,34791,/zyCuIOCcoiHVh1y519Ay9kEqAyb.jpg
296,Tamayura,Original,24,Hal Film Maker,2011-10-03,2013-09-18,"Comedy, Slice of Life",9055,45088,/nvZUtQOb2DDry4G5UOH6sNGCtGA.jpg
297,Fate/Stay Night: Unlimited Blade Works,Visual Novel,25,ufotable,2014-10-12,2015-06-28,"Action, Fantasy, Supernatural",19603,61415,/mZfLRVb51S0M51JDMp4i3bW6nzX.jpg
298,Dirty Pair (1985),Light Novel,,Sunrise,,,"Action, Adventure, Comedy, Sci-Fi",4200,,
299,7 Seeds,Manga,24,GONZO,2019-06-28,2020-03-26,"Action, Adventure, Drama, Horror, Mystery, Psychological, Romance, Sci-Fi",105807,85940,/iQMkaPbDKwThXTnpVUAWhtgnQVp.jpg
300,Demon Slayer,Video Game,26,Studio Signpost,2019-04-06,2019-09-28,"Adventure, Comedy, Fantasy",21612,85937,/wrCVHdkBlBWdJUZPvnJWcBRuhSY.jpg
301,Aikatsu!,Video Game,178,Sunrise,2012-10-08,2016-03-31,Music,15061,65503,/tdFVCOq8AR4L92XiCzdQZK56bCL.jpg
302,Crest of the Stars,Other,38,Sunrise,1999-01-02,2005-08-06,"Action, Romance, Sci-Fi",290,26209,/5irXefwuaYeu9IdRKSgga1hmxgE.jpg
303,Little Women,Novel,26,Toei Animation,1981-04-07,1981-09-29,Slice of Life,4991,37526,/f1aJ4akWechaU1906PR8RAm1GXS.jpg
304,Aggretsuko,Original,30,Fanworks,2018-04-20,2020-08-27,"Comedy, Music, Slice of Life",101571,78941,/gJ737LXVzdHyDA46MeKXh3iorMV.jpg
305,Tiger & Bunny,Original,25,Sunrise,2011-04-02,2011-09-17,"Action, Comedy, Mystery",9941,39659,/qyFMwoPDeKZWpvAyLAhhXDgOI9R.jpg
306,Mai-HiME,Original,26,Sunrise,2004-09-30,2005-03-31,"Action, Comedy, Drama, Fantasy, Mecha, Romance",98,12599,/cWZhtbCNHGtivsebbbxxnw8mczE.jpg
307,Rising of the Shield Hero,Light Novel,26,Kinema Citrus,2019-01-09,2019-06-26,"Action, Adventure, Fantasy",99263,83095,/6cXf5EDwVhsRv8GlBzUTVnWuk8Z.jpg
308,The Heroic Legend of Arslan,Novel,33,LIDENFILMS,2015-04-05,2016-08-21,"Action, Adventure, Drama, Fantasy",20935,62430,/xL5gslWFKXr2TVWPOPmZBvhvxAt.jpg
309,Tsuki ga Kirei,Original,12,feel.,2017-04-07,2017-06-30,"Drama, Romance, Slice of Life",98202,70880,/wWFVlj4TBKjWfcvM5dXVs4gDThl.jpg
310,Run with the Wind,Other,23,Production I.G,2018-10-03,2019-03-27,"Comedy, Drama, Sports",101903,82766,/zBZLWzncbPeeLhi6DJAx7MspHlS.jpg
311,Saber Marionette R,,50,Animate,1996-10-01,2001-06-19,"Action, Comedy, Sci-Fi",1232,25850,/nb1Y6MAvgszPkRiwfGllD1iXMZi.jpg
312,Record of Lodoss War,Other,13,MADHOUSE,1990-06-30,1991-11-20,"Action, Adventure, Fantasy, Supernatural",207,42713,/4DmzoxYfS4A1eFA35QIEJCvZE4D.jpg
313,Erased,Manga,7,A-1 Pictures,2019-11-08,2019-12-20,"Drama, Mystery, Psychological, Supernatural, Thriller",21234,95124,/6OkogyOFrWlOnjFyTnlP0fWeCto.jpg
314,Kakushigoto,Manga,12,Ajiado,2020-04-02,2020-06-18,"Comedy, Slice of Life",113311,95433,/odtryn9XCRIo33oLDaAaaTNgiuQ.jpg
315,SSSS.Gridman,Original,12,Trigger,2018-10-07,2018-12-23,"Action, Mecha, Sci-Fi",99424,82895,/4l9EA3CCn9BQi95Rj2xlj5PSZB.jpg
316,Astarotte's Toy,Manga,12,diomedéa,2011-04-10,2011-06-26,"Comedy, Ecchi, Fantasy, Romance",9736,42508,/fvRvDhGsSvQpGGcg6sVnxFa2O4N.jpg
317,Victory Gundam,Original,51,Sunrise,1993-04-02,1994-03-25,"Drama, Mecha, Sci-Fi",89,25797,/ngJKlvmwnrS6KxYZPwwPRktvPBL.jpg
318,Hulaing Babies,Original,12,Gaina,2019-01-11,2019-03-29,"Comedy, Slice of Life",102928,83455,/siquCWXALdwCJO5BokDy5WsdoiI.jpg
319,Fancy Lala,Original,26,Studio Pierrot,1998-04-05,1998-09-27,"Comedy, Drama, Mahou Shoujo, Music, Romance",604,9428,/7oxkqC4e1vgm50dTEeK6pVzBIR4.jpg
320,Fist of the North Star,Manga,152,Toei Animation,1984-10-11,1988-02-18,"Action, Drama, Sci-Fi",967,56387,/yypGXmBPvyJiD7pOeD2R3q84FlA.jpg
321,Rokka: Braves of Six Flowers,Light Novel,12,Passione,2015-07-05,2015-09-20,"Action, Adventure, Fantasy, Mystery",20955,63146,/8wpv1sveOnCfvlTMjZ0tmxfOHlf.jpg
322,Shaman King,Manga,52,Xebec,2021-04-01,2021-07-22,"Action, Adventure, Comedy, Drama, Supernatural",154,104699,/6770ijAy0N5SDmdFKCIVwiSFvhp.jpg
323,Orange,Manga,13,Telecom Animation Film,2016-07-04,2016-09-26,"Drama, Romance, Supernatural",21647,66958,/o9dLDFxGuNvH9qAOBnbVNKgJVbn.jpg
324,Digimon Adventure,Original,60,Toei Animation,2020-04-05,2021-08-01,"Action, Adventure, Fantasy",552,98034,/7Qspx2eFX0uBSQLLlAKnYrjZgse.jpg
325,Doraemon,Manga,879,,2005-04-22,2019-04-26,,501,65733,/pXG8Exsmd50bq2Qx2RzByumgwqK.jpg
326,Armored Trooper VOTOMS,Original,52,Sunrise,1983-04-01,1984-03-23,"Action, Drama, Mecha, Mystery, Romance, Sci-Fi",2582,32377,/hYv6w515vwe3IowcvbPrk4R6ckl.jpg
327,Wave! Listen to Me,Manga,12,Sunrise,2020-04-04,2020-06-20,"Comedy, Drama, Romance",112353,94405,/g2wTROLPbCCX1ekBItjTmotfpYy.jpg
328,Akazukin Chacha,Manga,77,Studio Gallop,1994-01-07,1995-06-30,"Adventure, Comedy, Fantasy, Mahou Shoujo, Romance",103,34179,/lxrI7Us1cksuDCK0TapvdQaS5ac.jpg
329,NieA_7,Manga,13,Triangle Staff,2000-04-26,2000-07-19,"Comedy, Sci-Fi, Slice of Life",800,28223,/aINB40Si5rIXVGn8swwtiFM9j0r.jpg
330,Love Live!,Original,12,Imagin,2021-07-11,2021-07-18,"Comedy, Ecchi, Romance",275,106055,/gFs2oxAjyzMu7Bx9mUJKeW3K4ym.jpg
331,Renkin San-kyuu Magical? Pokaan,Original,12,Remic,2006-04-04,2006-06-20,"Comedy, Ecchi",941,33728,/l09DBGlfomCZzD5jyMkj0CaE1Jw.jpg
332,A Certain Scientific Railgun,Manga,73,J.C. Staff,2009-10-02,2020-09-25,"Action, Fantasy, Sci-Fi",6213,30977,/dZt1dqw0K4JGhwcqTh8yExHYK9w.jpg
333,That Time I Got Reincarnated as a Slime,Light Novel,48,8-bit,2018-10-02,2021-08-03,"Action, Adventure, Comedy, Fantasy",101280,82684,/jQb1ztdko9qc4aCdnMXShcIHXRG.jpg
334,Bludgeoning Angel Dokuro-chan,Light Novel,10,Hal Film Maker,2005-03-13,2007-08-11,"Comedy, Ecchi",357,42870,/hJOKiT6BCfmiP1qpnJj0oy3b3lD.jpg
335,Ratio of Forest,Original,,,,,"Adventure, Fantasy, Slice of Life",101906,,
336,Yakitate!! Japan,Manga,69,Sunrise,2004-10-12,2006-03-14,Comedy,28,46350,/jhx00b722ORMUsUvInJ7ykjsW1U.jpg
337,Mitsuboshi Colors,Manga,12,SILVER LINK.,2018-01-07,2018-03-25,"Comedy, Slice of Life",98439,76134,/uiB412p9JIfTqavtfJ54Izd64TD.jpg
338,Magia Record: Puella Magi Madoka Magica Side Story,Video Game,21,Shaft,2020-01-05,2021-08-01,"Drama, Mahou Shoujo, Mystery, Psychological, Thriller",104051,94523,/ySz7DoQvwaZLvQ3b5DbUOteATE.jpg
339,GaoGaiGar: King of the Braves,Original,61,Sunrise,1997-02-01,2005-06-27,"Adventure, Mecha, Sci-Fi",890,45116,/zooAfAJwD0wsfJggFrSPDQ9oh10.jpg
340,Martian Successor Nadesico,Original,26,Xebec,1996-10-01,1997-03-24,"Action, Comedy, Mecha, Romance, Sci-Fi",218,35544,/iKd4q8iY1mcCCJ0GYBh9uJdlpUn.jpg
341,Hitoribocchi no Marumaru Seikatsu,Manga,12,C2C,2019-04-06,2019-06-22,"Comedy, Slice of Life",101386,85990,/btoTzCw3zmjRtB99g2M5Mw2GUQG.jpg
342,Middle Manager Tonegawa,Manga,24,MADHOUSE,2018-07-04,2018-12-26,"Comedy, Drama, Psychological",101161,80463,/4wSWVBPK6SYnUMjKjXPKN79aFFJ.jpg
343,Shigurui,Manga,12,MADHOUSE,2007-07-19,2007-10-11,"Action, Drama",2216,34144,/me1yCtPZAC6kEW1IGWW7XxJASCt.jpg
344,Hanasaku Iroha,Original,26,P.A. Works,2011-04-03,2011-09-25,"Comedy, Drama, Slice of Life",9289,42417,/532lxog4WHvXsgT02rHjFF6TSrx.jpg
345,Fang of the Sun Dougram,,75,Sunrise,1981-10-23,1983-03-25,"Drama, Mecha, Sci-Fi",2257,8909,/3VsRMpdnhoFWwTo9AAZQtuBlsap.jpg
346,Pokemon: Twilight Wings,Video Game,7,Studio Colorido,2020-01-15,2020-08-06,"Adventure, Drama, Fantasy, Slice of Life",113932,96420,/s3tiTMRcYbR4lgQUOxWZ8w4QMqZ.jpg
347,Tsuritama,Original,12,A-1 Pictures,2012-04-13,2012-06-29,"Comedy, Sci-Fi, Slice of Life, Sports",12883,45283,/1yoAAwD26fPYpILq2YCjzwVCJSy.jpg
348,Rainbow,Original,19,,2017-08-11,2019-08-30,Music,136531,73275,/cdflZ8czbWKeSyousytVXsGzyFU.jpg
349,Blue Spring Ride,Manga,12,Production I.G,2014-07-08,2014-09-23,"Comedy, Drama, Romance, Slice of Life",20596,62602,/uKSWt1oRsbH3VpVJxqHQ47Ea8Ev.jpg
350,Kodocha,Manga,102,Studio Gallop,1996-04-05,1998-03-27,"Comedy, Drama, Romance",1486,25722,/7rfnSYLG7QkwJg5kbGPaJE6USVy.jpg
351,After the Rain,Manga,12,Wit Studio,2018-01-12,2018-03-30,"Drama, Romance, Slice of Life",98385,75777,/pdx9MeBXnPwp7vnZBco7GUXaGaV.jpg
352,Kimi no Todoke,Manga,37,Production I.G,2009-10-07,2011-03-30,"Comedy, Drama, Romance, Slice of Life",6045,68854,/2XZ0Ofg1ZUZMFrbyWJuakSJAKZz.jpg
353,Detective Conan,Manga,1058,TMS Entertainment,1996-01-08,2021-07-31,"Adventure, Comedy, Mystery, Psychological",235,30983,/9ve6LW4ltMMpp9WjoR4MGViOp9V.jpg
354,Ghost in the Shell: Arise,,10,Production I.G,2015-04-05,2015-06-07,"Mecha, Sci-Fi",20776,62070,/9zTsKmbEkzeWLMb8LOwUcyFsOcr.jpg
355,Occultic;Nine,Light Novel,12,A-1 Pictures,2016-10-09,2016-12-25,"Mystery, Sci-Fi, Supernatural, Thriller",21708,68185,/5EUgaawNTblWWpnnzq4Hm0QEryU.jpg
356,Lady Georgie,Manga,45,Tokyo Movie Shinsha,1983-04-09,1984-02-25,"Drama, Romance",2542,36664,/nAyOUoBTavtCOTxn4hBp84twETZ.jpg
357,The Diary of Tortov Roddle,Original,,Robot,,,"Adventure, Fantasy",1205,,
358,Kubikiri Cycle,Light Novel,8,Shaft,2016-10-26,2017-09-27,"Drama, Mystery, Psychological, Romance, Supernatural",21803,68460,/5sjxiXlV3YQ3mLnU3ebmzfZOdwm.jpg
359,"Say ""I Love You"".",Manga,13,ZEXCS,2012-10-07,2012-12-30,"Drama, Romance",14289,52878,/jCTTTaVz2a6f7T9mvJu5zQgxMEU.jpg
360,Kamichu!,Original,16,Brain's Base,2005-06-28,2007-11-13,"Comedy, Slice of Life, Supernatural",489,1096,/eUUcjUWDuyir0rsOH2cLD9N0HZF.jpg
361,Rin: Daughters of Mnemosyne,Original,6,Xebec,2008-02-03,2008-07-06,"Action, Ecchi, Horror, Sci-Fi, Supernatural",3342,42953,/b8b7VDTnlZXunMAKoFfm52ThmuF.jpg
362,There She Is!!,Original,0,,,,,6505,32260,
363,Garo: The Animation,Other,26,MAPPA,2014-10-03,2016-04-01,"Action, Fantasy, Supernatural",20753,63453,/cl9x83myIZtDSqHPu4WMekKt7E0.jpg
364,Love Hina,Manga,24,Xebec,2000-04-19,2000-09-27,"Comedy, Ecchi, Romance, Slice of Life",189,30992,/c8V0gxvi0824hsLAKaMZdC6ZX70.jpg
365,Hellsing Ultimate,Manga,10,MADHOUSE,2006-02-10,2012-12-26,"Action, Horror, Supernatural",777,61752,/evZtiZzMX9VFoM1zzvRUmPoLPBg.jpg
366,Patalliro!,Manga,26,Toei Animation,2005-06-06,2005-11-29,"Adventure, Comedy, Romance",2835,27347,/xsxt3VrfCKXIyR4YY3y3O1usf5v.jpg
367,Mobile Suit ZZ Gundam,,47,Sunrise,1986-03-01,1987-01-31,"Action, Mecha, Sci-Fi",9708,5660,/u7GMUFdfljplCbySERldRUReP6P.jpg
368,The Diary of a Crazed Family,Light Novel,26,Nomad,2008-04-12,2008-10-04,"Comedy, Sci-Fi",3577,34683,/c4oKfWaBIkAbpPZzaRVlfNw4Wv.jpg
369,Paradise Kiss,Manga,12,MADHOUSE,2005-10-14,2005-12-30,"Comedy, Drama, Romance, Slice of Life",322,34208,/o4c1e7mWp2MrsHGOytAWSRLx2tJ.jpg
370,Marmalade boy,Manga,76,Toei Animation,1994-03-13,1995-09-03,"Comedy, Drama, Romance, Slice of Life",334,35507,/ebque9KJDaEtuSNkrc9qQfYVIhW.jpg
371,Afro Samurai,Other,5,GONZO,2007-01-04,2007-02-01,"Action, Adventure",1292,19544,/1wif9a57obZA5N1UujiluoUahkI.jpg
372,Popotan,Visual Novel,12,Shaft,2003-07-17,2003-10-02,"Comedy, Drama, Ecchi, Supernatural",610,35129,/jD0P5NmedXCT9mODoICKW32ugzu.jpg
373,Given,Manga,11,Lerche,2019-07-12,2019-09-20,"Drama, Music, Romance, Slice of Life",108430,88040,/pdDCcAq8RNSZNk81PXYoHNUPHjn.jpg
374,Mobile Suit Z Gundam,Original,50,Sunrise,2007-10-06,2009-03-29,"Drama, Mecha, Sci-Fi",80,21732,/dcUTOm6XXLT2ITQVCubkSwQ6qCE.jpg
375,Girls Bravo,Manga,24,AIC Spirits,2004-07-05,2005-04-21,"Comedy, Ecchi, Romance",241,34793,/7oi1AruNAkgzKRn47muIP6Bq8iK.jpg
376,Yona of the Dawn,Manga,24,Studio Pierrot,2014-10-07,2015-03-24,"Action, Adventure, Comedy, Fantasy, Romance",20770,61461,/qxnaENqprdRge7MxQsEmOsEDVk5.jpg
377,Gundam 0080,Original,6,Sunrise,1989-03-25,1989-08-25,"Adventure, Drama, Mecha, Sci-Fi",82,46512,/ju1llP8kQROLHQ2xqOscSUrEHb4.jpg
378,The Hakkenden,Other,20,AIC,1990-10-25,1995-03-25,"Action, Adventure",1822,28954,/xyP9bVUUGAdhp4HMiRIFjssV5dR.jpg
379,Mobile Suit Gundam Seed,Original,100,Sunrise,2002-10-05,2005-12-25,"Action, Drama, Mecha, Sci-Fi",93,20111,/t2PKIjlaJhNLm0pxShQyYftF4XL.jpg
380,Kemono Friends,Video Game,24,Yaoyorozu,2017-01-11,2019-03-17,"Adventure, Comedy, Fantasy",87496,69288,/2TQq8uiRob7nboF7UBVKBach88N.jpg
381,Prison School,Manga,12,J.C. Staff,2015-07-11,2015-09-26,"Comedy, Ecchi",20807,64706,/6O8NgsIB2GXldksS88QgGPTvdWF.jpg
382,Haré+Guu,Manga,52,,2001-04-03,2003-12-28,,,34812,/wtO541BFRT6jp7MShlZNIOAnX9g.jpg
383,Battle Athletes Victory,Original,12,AIC,2021-04-11,2021-06-27,"Action, Adventure, Comedy, Drama, Sci-Fi, Sports",1186,108460,/2E4oJUoTCP57qT3wBjmAVAMJ3gZ.jpg
384,Gosick,Light Novel,24,bones,2011-01-07,2011-07-02,"Drama, Mystery, Romance",8425,38560,/pmpzbbNgK0CL2QdP14yqamxQusx.jpg
385,Neighborhood Stories,Manga,,Toei Animation,,,"Comedy, Drama, Romance, Slice of Life",852,,
386,Dragon Ball Z Kai,Manga,158,Toei Animation,2009-04-05,2015-06-28,"Action, Adventure, Comedy",6033,61709,/ykl67ghR2ug6KGFH3CQcI01pzQJ.jpg
387,Kiznaiver,Original,12,Trigger,2016-04-09,2016-06-25,"Drama, Romance, Sci-Fi",21421,65950,/2CWwdv8rO06DUx0VKfhrGpYAAfd.jpg
388,Mobile Suit Gundam ZZ,Original,47,Sunrise,1986-03-01,1987-01-31,"Comedy, Drama, Mecha, Sci-Fi",86,5660,/u7GMUFdfljplCbySERldRUReP6P.jpg
389,Mysterious Girlfriend X,Manga,13,Hoods Entertainment,2012-04-08,2012-07-01,"Ecchi, Mystery, Romance",12467,42556,/hGkEGe250iefHrfnTGWijRW9pnJ.jpg
390,S-cry-ed,Original,26,Sunrise,2001-07-04,2005-12-26,"Action, Adventure, Sci-Fi",168,42676,/qjTNWCwl1fZuYjkJMHg4kYNUpPF.jpg
391,Buso Renkin,Manga,26,Xebec,2006-10-04,2007-03-28,"Action, Comedy, Fantasy, Supernatural",1536,31575,/3H72ZhGy16KVLtiqQS4TOiHONJH.jpg
392,Monthly Girls' Nozaki-kun,Manga,12,Doga Kobo,2014-07-07,2014-09-22,"Comedy, Romance, Slice of Life",20668,61379,/maPv22inKIcyfOCil3wrWiyJ7gC.jpg
393,Sherlock Hound,Other,26,Tokyo Movie Shinsha,1999-09-18,2001-07-21,"Adventure, Comedy, Mystery",1972,21296,/mwLwPQBOeS1ukxUMTh7Sq1aNM63.jpg
394,Crayon Kingdom of Dreams,Other,,Toei Animation,,,"Adventure, Comedy, Fantasy, Mahou Shoujo",4651,,
395,Space Cobra,Manga,31,Tokyo Movie Shinsha,1982-10-07,1983-05-19,"Action, Adventure, Sci-Fi",2451,8880,/lsocXzEZv1fqUN5zVqptMvIUEMy.jpg
396,Air,Visual Novel,12,Kyoto Animation,2005-01-07,2005-03-25,"Drama, Romance, Slice of Life, Supernatural",101,26201,/3TZsD9hh7XQYVpZYnokrR5zEDU5.jpg
397,High Score Girl,Manga,21,J.C. Staff,2018-07-14,2019-12-20,"Comedy, Drama, Romance",20574,80665,/oGHR5DXFHIWc9xGwvTmxo2dHwr2.jpg
398,Hensuki,Light Novel,12,Geek Toys,2019-07-08,2019-09-23,"Comedy, Ecchi, Slice of Life",121043,88061,/qH5G6K09CWWgmiP3JCZK7UAkotW.jpg
399,Dirty Pair,Other,16,Sunrise,1994-01-21,1996-04-25,"Action, Adventure, Comedy, Ecchi, Sci-Fi",424,97421,/t4hB2CC1jzNRWiWauLvi75apFZn.jpg
400,When Supernatural Battles Became Commonplace,Light Novel,12,Trigger,2014-10-07,2014-12-23,"Comedy, Fantasy, Romance, Slice of Life, Supernatural",20646,61423,/dEiFt6ye2SddARtoXEiNIx8KUrv.jpg
401,Fate/Extra: Last Encore,Video Game,13,Shaft,2018-01-27,2018-04-22,"Action, Fantasy, Psychological",21717,76123,/5qveZHKo8RatUbZDzgGG9QEj558.jpg
402,Cross Ange: Rondo of Angel and Dragon,Original,25,Sunrise,2014-10-05,2015-03-29,"Action, Ecchi, Mecha, Romance, Sci-Fi",20806,61425,/wUSu7WKW4KfNARFL0eEmdXdqbpn.jpg
403,Ghost Stories,Other,116,Studio Pierrot,2013-07-15,2021-08-02,"Horror, Mystery, Supernatural",1281,56559,/hOfrHp4LMGtHzQJGTHJrsdgzF1v.jpg
404,Fisherman Sanpei,Manga,109,Nippon Animation,1980-04-07,1982-04-26,"Adventure, Sports",3137,44033,/roZIxZZKBRuJgBmIlOHYXOU0wic.jpg
405,Dai-Guard,Original,26,Xebec,1999-10-05,2000-03-28,"Adventure, Comedy, Mecha, Sci-Fi",1312,8664,/n32SvAd8yemNQaffaspz4eWQfd6.jpg
406,Blue Gender,Original,26,AIC,1999-10-08,2000-03-31,"Adventure, Drama, Horror, Mecha, Psychological, Romance, Sci-Fi",58,19855,/e1fkIjgSiFvW3edqtG9sSaurcFI.jpg
407,One Piece,Manga,988,Toei Animation,1999-10-20,2021-08-01,"Action, Adventure, Comedy, Drama, Fantasy",21,37854,/4I1xjEKZxeeBT8RXg0BA6k6PM8e.jpg
408,Hokuto no Ken,Manga,152,Toei Animation,1984-10-11,1988-02-18,"Action, Drama, Sci-Fi",967,56387,/yypGXmBPvyJiD7pOeD2R3q84FlA.jpg
409,Mahoromatic,Manga,26,Gainax,2001-10-05,2003-01-17,"Comedy, Ecchi, Romance, Sci-Fi",276,42722,/dg46XFpzAm5CeZaOkdJ3bmean6p.jpg
410,Persona 4 the Animation,Video Game,26,AIC A.S.T.A.,2018-04-08,2018-09-30,"Adventure, Mystery, Sci-Fi, Supernatural",10588,77701,/p7DwLYL0jV10eMkmokoTS9ZXIXc.jpg
411,Onegai My Melody,Original,,Studio Comet,,,"Fantasy, Mahou Shoujo",2489,,
412,Yuki Yuna Is a Hero,Original,24,Studio Gokumi,2014-10-16,2018-01-06,"Action, Drama, Fantasy, Mahou Shoujo, Psychological, Slice of Life",20800,71493,/bC6UrzOKnbZYqXyX12YuDvzvwhL.jpg
413,Pokémon,Video Game,1197,OLM,1997-04-01,2021-07-30,"Adventure, Comedy, Fantasy",527,60572,/rOuGm07PxBhEsK9TaGPRQVJQm1X.jpg
414,Gantz,Manga,24,GONZO,2004-04-13,2004-11-18,"Action, Drama, Ecchi, Horror, Psychological, Sci-Fi, Supernatural",384,11279,/spyDQ1Cv8m4L8EaXS6iXSpbLWA.jpg
415,Soul Eater,Manga,51,bones,2008-04-07,2009-03-30,"Action, Adventure, Comedy, Fantasy",3588,37305,/hI5AhxFTSFabTG7Fvhczyb5ZIh8.jpg
416,Hi Score Girl,Manga,21,J.C. Staff,2018-07-14,2019-12-20,"Comedy, Drama, Romance",20574,80665,/oGHR5DXFHIWc9xGwvTmxo2dHwr2.jpg
417,Hakuoki ~Demon of the Fleeting Blossom~,Visual Novel,34,Studio DEEN,2010-04-03,2012-09-25,"Action, Drama, Supernatural",6895,44318,/x98F4iTVwojYvpngeGbr9SXss7M.jpg
418,Teekyuu,Manga,116,MAPPA,2012-10-07,2017-09-28,"Comedy, Slice of Life, Sports",15125,53020,/iDyd5ChrP4uRBGkvODq4AIE4wab.jpg
419,Girls und Panzer,Original,12,Actas,2012-10-09,2013-03-25,"Action, Sports",14131,43967,/hKEgErh0c9ljzHyODohZWzapI9U.jpg
420,Shimoneta,Light Novel,12,J.C. Staff,2015-07-04,2015-09-19,"Comedy, Ecchi",20910,63323,/bRq7nVf7fkWA5XrvlEME6D3otth.jpg
421,Yumeiro Patissiere,Manga,63,Studio Hibari,2009-10-04,2010-12-26,"Comedy, Fantasy",6586,45999,/dCKoeh4EcHGUnWtVcoqD5OqFjlV.jpg
422,Guardian Ninja Mamoru,Light Novel,12,,2006-01-07,2006-03-25,,590,34206,/og8HedVF2JQD08UgRF2cWlwizFw.jpg
423,The Demon Girl Next Door,Manga,12,J.C. Staff,2019-07-12,2019-09-27,"Comedy, Fantasy, Mahou Shoujo, Slice of Life",107490,88806,/p20iserOUnei2kYvMA1Sz5zk2uT.jpg
424,After War Gundam X,Original,39,Sunrise,1996-04-05,1997-12-28,"Adventure, Drama, Mecha, Sci-Fi",92,25504,/3VGhFa9Sf5wVUcmPYLNgkZlZ7uT.jpg
425,Akudama Drive,Original,12,Studio Pierrot,2020-10-08,2020-12-24,"Action, Drama, Sci-Fi",116566,100436,/1s3fwsH3AjuyzObYHiptiYRgFa.jpg
426,Sakura Quest,Original,25,P.A. Works,2017-04-06,2017-09-21,"Comedy, Slice of Life",97903,71013,/r9qFGtjIKSeooLAj5TYwqKtVT3F.jpg
427,Pingu in the City,Other,37,Dandelion Animation Studio,2017-10-07,2018-12-15,"Comedy, Slice of Life",99994,74381,/8I402IFZiiYVUkgm70BxitzJMPg.jpg
428,Urotsukidoji,,,,,,"Fantasy, Hentai, Horror, Sci-Fi",2343,,
429,Kuragehime,Manga,11,Brain's Base,2010-10-14,2010-12-30,"Comedy, Romance, Slice of Life",8129,37580,/jSpLkV4YpexvNozVRvZt57jjqIr.jpg
430,Beastars,Manga,24,Orange,2019-10-10,2021-03-25,"Drama, Mystery, Psychological, Romance, Slice of Life",107660,90937,/zKEFedE4KEUWdfPvjVC9G1VyEoK.jpg
431,The Idolm@ster,Video Game,1,A-1 Pictures,,,"Comedy, Drama, Music, Slice of Life",10278,105902,/iBNXNZioSruB01HTlxyYBN44S0d.jpg
432,Space Adventure Cobra,Manga,31,Tokyo Movie Shinsha,1982-10-07,1983-05-19,"Action, Adventure, Sci-Fi",2451,8880,/lsocXzEZv1fqUN5zVqptMvIUEMy.jpg
433,Ascendance of a Bookworm,Light Novel,26,Ajiado,2019-10-02,2020-06-20,"Fantasy, Slice of Life",108268,91768,/aVGueAM88cc4sX6PeMvuAPObDc4.jpg
434,Inferno Cop,Original,13,CoMix Wave,2012-12-25,2013-03-18,"Action, Comedy",16774,46798,/glDfHbIWCMtMhyUcXXS6l6Y1CCy.jpg
435,Tsukuyomi: Moon Phase,Manga,25,Shaft,2004-10-05,2005-03-29,"Comedy, Fantasy, Romance",343,27813,/oPgFOYwpbCt9eC6AJ2lzFSJmPIX.jpg
436,Minami-ke,Manga,52,Daume,2007-10-08,2013-03-31,"Comedy, Slice of Life",2963,56354,/zgdsmw06yv8JeLzw4Vp1ODgSrjj.jpg
437,Invincible Superman Zambot 3,Original,,Sunrise,,,"Action, Drama, Mecha, Sci-Fi",2200,,
438,Goblin Slayer,Light Novel,12,White Fox,2018-10-07,2018-12-30,"Action, Adventure, Fantasy",101165,82591,/x8ZQyxAFjz9jtCGivbOMYUC4Tp3.jpg
439,Monster Rancher,Video Game,73,TMS Entertainment,1999-08-30,2001-10-07,"Action, Adventure, Comedy, Fantasy",1469,15130,/yi77t39040fU3cgUBZa7wggpJrt.jpg
440,Banana Fish,Manga,24,MAPPA,2018-07-06,2018-12-21,"Action, Adventure, Drama, Psychological, Thriller",100388,80564,/1UV5di9UIXwrpCW3xQ4RNli5hEV.jpg
441,Hellsing,Manga,13,GONZO,2001-10-10,2002-01-16,"Action, Horror, Supernatural",270,16830,/xA3wsLJzj6XnvuryerPBPwoQodH.jpg
442,Area 88,Manga,12,Studio Pierrot,2004-01-09,2004-03-26,"Action, Adventure, Drama, Romance",1488,34823,/3p4mr3LiiYUhMhfgljZZcQaW8LQ.jpg
443,Ai Yori Aoshi,Manga,36,J.C. Staff,2002-04-10,2003-12-27,"Comedy, Drama, Romance, Slice of Life",53,42567,/sBqJgnOAIJzc8MO6okjlH4ePfJh.jpg
444,Skilled Teaser Takagi,Manga,24,Shin-Ei Animation,2018-01-08,2019-09-22,"Comedy, Romance, Slice of Life",99468,75865,/bZxlIp4s1yLsmIiUN2o1ntijoo6.jpg
445,Odd Taxi,Original,13,OLM,2021-04-06,2021-06-29,"Drama, Mystery, Psychological",128547,116727,/1EjfuzlLayjraY358hB8fSmXCSr.jpg
446,Space Runaway Ideon,Original,39,Sunrise,1980-05-08,1981-01-28,"Drama, Mecha, Sci-Fi",930,13465,/oyMVD4MUmJBBW5IZt7anSTcBHQl.jpg
447,Bakuman,Manga,75,J.C. Staff,2010-10-02,2013-03-30,"Comedy, Drama, Romance",7674,36041,/o40Xwa26gO6iqcu86Shs7jStQC6.jpg
448,Amagi Brilliant Park,Light Novel,13,Kyoto Animation,2014-10-07,2014-12-26,"Comedy, Fantasy",20602,65332,/1ZFzedg6kYDBFjZANxcDdERsN08.jpg
449,Cardfight Vanguard,Other,370,TMS Entertainment,2011-01-08,2018-04-01,"Action, Adventure",9539,35442,/dYzXncXjGIo7xuo6HLyDjKL8ayX.jpg
450,The World God Only Knows,Manga,36,Manglobe,2010-10-08,2013-09-24,"Comedy, Romance, Supernatural",8525,56351,/4u1PaSbU7ZyY1G1FHRrfI9i761Q.jpg
451,Bubblegum Crisis Tokyo 2040,Original,26,AIC,1998-10-08,2000-07-26,"Action, Adventure, Mecha, Sci-Fi",568,9542,/iNeRVNxxsLJDYLNG2L0QlBNqOwL.jpg
452,Citrus,Manga,12,Passione,2018-01-06,2018-03-24,"Drama, Romance",97832,76063,/1h6v8gS1vKybZciqpNWeV5MFQNb.jpg
453,Parappa The Rapper,Video Game,30,J.C. Staff,2001-04-14,2002-01-11,"Comedy, Fantasy, Slice of Life",3736,5743,/5AvRAwD1ehm0NiXNMAiRjgNUO6O.jpg
454,School Days,Visual Novel,12,TNK,2007-07-04,2007-09-27,"Drama, Romance",2476,28061,/wdbi0p7w2HTtv6Oh1wUAKRIsc0m.jpg
455,Strawberry 100%,Manga,12,MADHOUSE,2005-04-05,2005-06-21,"Comedy, Ecchi, Romance",248,42873,/4KiyjGANlyMqnbB4CmAGHN2Ph0e.jpg
456,Dragon Ball GT,Manga,64,Toei Animation,1996-02-07,1997-11-19,"Action, Adventure, Comedy, Fantasy, Sci-Fi",225,12697,/rLHhDpv6rrhuzBjNzaMRNv2fng.jpg
457,Food Wars,Manga,86,J.C. Staff,2015-04-04,2020-09-26,"Comedy, Ecchi",20923,62273,/aUKsUFkr0i9aBzODkBvNMgOHLzq.jpg
458,Dakaichi,Manga,13,,2018-10-05,2018-12-28,,,82867,/1cWev0aDMQ09Y21h3o3Smp6Xdm9.jpg
459,One Week Friends,Manga,12,Brain's Base,2014-04-07,2014-06-23,"Comedy, Drama, Romance, Slice of Life",20527,60827,/aRpxKAXCW8yjkE5aZcgZ9aezm4F.jpg
460,Michiko & Hatchin,Original,22,Manglobe,2008-10-16,2009-03-19,"Action, Adventure",4087,21311,/kKS9CyIduZf8q45wm8WQ5a9RYx1.jpg
461,Ground Control to Psychoelectric Girl,Light Novel,12,Shaft,2011-04-15,2011-07-01,"Comedy, Romance, Sci-Fi, Slice of Life",9379,65356,/kUpCLPkNCKqQ7Kc5hgrkNvBx5Sw.jpg
462,Miss Bernard Said.,Manga,12,Creators in Pack,2016-10-06,2016-12-22,"Comedy, Slice of Life",21854,68165,/e885TPsX1PnvDNK5WMTlnPiGc7D.jpg
463,Manyuu Hikenchou,Manga,12,,2011-07-11,2011-09-26,,,71834,/oQFRm0GPn3Q9lZB2SFklft8gZBt.jpg
464,Galaxy Express 999,Manga,113,Toei Animation,1978-09-14,1981-03-12,"Adventure, Drama, Mecha, Sci-Fi",1491,31709,/hSL8OUYK1TRKENMgrgStaY5lqzK.jpg
465,Tokyo Magnitude 8.0,Original,11,bones,2009-07-09,2009-09-17,Drama,6211,37866,/ztpq6SVVLrznYJBSATCPSkgT5vo.jpg
466,Dr. Stone,Manga,35,TMS Entertainment,2019-07-05,2021-03-25,"Action, Adventure, Comedy, Sci-Fi",105333,86031,/dLlnzbDCblBXcJqFLXyvN43NIwp.jpg
467,Space Adventure Cobra!,Manga,31,Tokyo Movie Shinsha,1982-10-07,1983-05-19,"Action, Adventure, Sci-Fi",2451,8880,/lsocXzEZv1fqUN5zVqptMvIUEMy.jpg
468,Dragon Ball Super,Manga,131,Toei Animation,2015-07-05,2018-03-25,"Action, Adventure, Comedy",21175,62715,/kbhu0tIv5E1PbAw2YPjrhoQ7I1s.jpg
469,Ikki Tousen,Manga,49,J.C. Staff,2003-07-30,2010-06-11,"Action, Ecchi",257,37584,/eV0cphNP9cyYL28Rxcs1C3lbEGj.jpg
470,Tonkatsu DJ Ageratou,Manga,,Studio DEEN,,,"Comedy, Music",21297,,
471,Show By Rock!!,Video Game,24,bones,2015-04-05,2016-12-18,"Comedy, Music",20843,65036,/mNruuU5nlxzf5XG0jfsJkWg94Ow.jpg
472,Kuroko no Basket,Manga,75,Production I.G,2012-04-08,2015-07-01,"Comedy, Sports",11771,45783,/5CEIm6RPRU9iy4jBpfreUwJkydv.jpg
473,Kimagure Orange Road,Manga,48,Studio Pierrot,1987-04-06,1988-03-07,"Action, Comedy, Drama, Fantasy, Romance",1087,9103,/qPkVS7LtHwxgNfEIDDoJC8ruPxm.jpg